timestamp,device_id,indoor_temp_c,outdoor_temp_c,target_temp_c,indoor_humidity_percent,compressor_power_watts,refrigerant_pressure_psi,airflow_cfm,health_score,status_label
2026-01-23 14:01:22,AC_UNIT_001,24.39,31.28,24,44.43,1162.72,66.68,387.95,100.0,Normal
2026-01-23 15:01:22,AC_UNIT_001,23.06,31.63,23,52.38,1213.52,68.27,403.13,100.0,Normal
2026-01-23 16:01:22,AC_UNIT_001,23,33.58,23,54.91,1214.26,70.5,373.63,100.0,Normal
2026-01-23 17:01:22,AC_UNIT_001,23,31.14,23,45.44,1310.0,66.99,372.61,100.0,Normal
2026-01-23 18:01:22,AC_UNIT_001,24,29.8,24,49.46,1108.1,72.56,373.37,100.0,Normal
2026-01-23 19:01:22,AC_UNIT_001,24.16,28.86,24,44.43,1129.1,71.95,393.24,100.0,Normal
2026-01-23 20:01:22,AC_UNIT_001,23,25.73,23,42.58,896.59,74.05,375.49,100.0,Normal
2026-01-23 21:01:22,AC_UNIT_001,23.15,25.17,23,51.21,800.81,66.16,374.59,100.0,Normal
2026-01-23 22:01:22,AC_UNIT_001,24,26.39,24,46.68,950.75,67.91,384.98,100.0,Normal
2026-01-23 23:01:22,AC_UNIT_001,23,26.54,23,46.55,1025.28,74.49,419.5,100.0,Normal
2026-01-24 00:01:22,AC_UNIT_001,24.39,26.04,24,42.92,943.05,71.86,402.34,100.0,Normal
2026-01-24 01:01:22,AC_UNIT_001,23.36,25.17,23,49.4,1001.18,67.67,389.34,100.0,Normal
2026-01-24 02:01:22,AC_UNIT_001,24.14,24.09,24,50.69,969.56,65.53,368.52,100.0,Normal
2026-01-24 03:01:22,AC_UNIT_001,22,25.27,22,51.78,884.04,72.87,397.34,100.0,Normal
2026-01-24 04:01:22,AC_UNIT_001,22,25.83,22,50.69,1098.22,65.78,384.45,100.0,Normal
2026-01-24 05:01:22,AC_UNIT_001,24.01,24.19,24,48.72,1065.04,72.29,417.67,100.0,Normal
2026-01-24 06:01:22,AC_UNIT_001,22,24.58,22,48.65,841.37,67.67,353.22,100.0,Normal
2026-01-24 07:01:22,AC_UNIT_001,24.3,24.05,24,50.7,1061.64,72.17,363.06,100.0,Normal
2026-01-24 08:01:22,AC_UNIT_001,22.0,30.73,22,42.49,1385.57,68.72,396.71,100.0,Normal
2026-01-24 09:01:22,AC_UNIT_001,23,31.88,23,50.83,1178.17,69.31,359.49,100.0,Normal
2026-01-24 10:01:22,AC_UNIT_001,23.01,31.3,23,42.35,1105.01,66.32,381.65,100.0,Normal
2026-01-24 11:01:22,AC_UNIT_001,23.16,28.95,23,43.59,1189.64,70.35,399.91,100.0,Normal
2026-01-24 12:01:22,AC_UNIT_001,24.22,28.34,24,42.55,1385.65,70.64,385.2,100.0,Normal
2026-01-24 13:01:22,AC_UNIT_001,22.05,30.28,22,40.5,1155.89,65.62,376.03,100.0,Normal
2026-01-24 14:01:22,AC_UNIT_001,23,32.6,23,41.75,1056.32,66.9,354.26,100.0,Normal
2026-01-24 15:01:22,AC_UNIT_001,23,29.43,23,44.75,1120.27,72.7,416.97,100.0,Normal
2026-01-24 16:01:22,AC_UNIT_001,24,30.44,24,52.61,1344.7,68.3,364.35,100.0,Normal
2026-01-24 17:01:22,AC_UNIT_001,24.12,32.64,24,48.03,1153.45,72.24,386.42,100.0,Normal
2026-01-24 18:01:22,AC_UNIT_001,22,33.4,22,43.07,1043.09,71.97,387.5,100.0,Normal
2026-01-24 19:01:22,AC_UNIT_001,24.0,31.08,24,48.74,1082.11,71.4,351.7,100.0,Normal
2026-01-24 20:01:22,AC_UNIT_001,24.47,24.45,24,52.49,908.69,73.95,385.7,100.0,Normal
2026-01-24 21:01:22,AC_UNIT_001,22,26.74,22,40.24,945.04,72.09,354.41,100.0,Normal
2026-01-24 22:01:22,AC_UNIT_001,24.07,25.93,24,49.57,842.85,68.16,393.79,100.0,Normal
2026-01-24 23:01:22,AC_UNIT_001,22.11,24.13,22,50.99,994.42,66.08,393.19,100.0,Normal
2026-01-25 00:01:22,AC_UNIT_001,24.11,25.3,24,42.64,980.55,67.9,353.31,100.0,Normal
2026-01-25 01:01:22,AC_UNIT_001,23,24.64,23,48.88,1065.89,67.73,412.01,100.0,Normal
2026-01-25 02:01:22,AC_UNIT_001,24.32,24.38,24,43.81,889.37,70.48,360.09,100.0,Normal
2026-01-25 03:01:22,AC_UNIT_001,22.49,26.92,22,41.42,883.73,66.92,418.83,100.0,Normal
2026-01-25 04:01:22,AC_UNIT_001,23.08,26.12,23,44.5,1096.74,74.66,364.74,100.0,Normal
2026-01-25 05:01:22,AC_UNIT_001,22,24.89,22,42.85,1087.27,68.04,386.96,100.0,Normal
2026-01-25 06:01:22,AC_UNIT_001,23,26.13,23,52.21,826.38,67.22,409.51,100.0,Normal
2026-01-25 07:01:22,AC_UNIT_001,22,26.93,22,52.75,898.71,65.9,413.04,100.0,Normal
2026-01-25 08:01:22,AC_UNIT_001,22.06,28.4,22,43.15,1052.45,65.32,380.37,100.0,Normal
2026-01-25 09:01:22,AC_UNIT_001,23,30.79,23,40.15,1272.3,70.74,396.17,100.0,Normal
2026-01-25 10:01:22,AC_UNIT_001,22.24,32.6,22,41.06,1025.28,66.26,401.97,100.0,Normal
2026-01-25 11:01:22,AC_UNIT_001,23,32.21,23,40.35,1114.51,67.85,398.79,100.0,Normal
2026-01-25 12:01:22,AC_UNIT_001,24.38,29.85,24,52.52,1377.27,73.89,401.08,100.0,Normal
2026-01-25 13:01:22,AC_UNIT_001,24.45,31.71,24,51.01,1139.98,72.25,406.87,100.0,Normal
2026-01-25 14:01:22,AC_UNIT_001,23.13,30.62,23,53.23,1092.15,67.17,375.04,100.0,Normal
2026-01-25 15:01:22,AC_UNIT_001,23,33.12,23,44.66,1382.6,71.86,391.42,100.0,Normal
2026-01-25 16:01:22,AC_UNIT_001,23.34,29.4,23,51.62,1339.49,69.54,378.28,100.0,Normal
2026-01-25 17:01:22,AC_UNIT_001,22.47,32.42,22,52.48,1192.24,70.59,377.79,100.0,Normal
2026-01-25 18:01:22,AC_UNIT_001,22,31.6,22,50.9,1396.96,73.1,401.48,100.0,Normal
2026-01-25 19:01:22,AC_UNIT_001,22.36,32.23,22,50.18,1395.22,72.15,407.77,100.0,Normal
2026-01-25 20:01:22,AC_UNIT_001,23,26.9,23,51.24,1054.28,70.11,411.57,100.0,Normal
2026-01-25 21:01:22,AC_UNIT_001,24,26.75,24,53.57,812.02,70.36,355.71,100.0,Normal
2026-01-25 22:01:22,AC_UNIT_001,22.08,24.94,22,52.37,1073.77,68.73,351.81,100.0,Normal
2026-01-25 23:01:22,AC_UNIT_001,24.24,26.22,24,50.14,859.26,73.59,359.27,100.0,Normal
2026-01-26 00:01:22,AC_UNIT_001,23.29,26.36,23,46.99,853.3,74.1,391.68,100.0,Normal
2026-01-26 01:01:22,AC_UNIT_001,24,26.92,24,46.24,832.6,65.89,361.16,100.0,Normal
2026-01-26 02:01:22,AC_UNIT_001,23,24.57,23,43.81,1013.23,65.01,352.13,100.0,Normal
2026-01-26 03:01:22,AC_UNIT_001,24.1,26.79,24,41.8,1064.44,69.38,406.83,100.0,Normal
2026-01-26 04:01:22,AC_UNIT_001,24.26,24.65,24,53.76,1003.44,69.56,370.32,100.0,Normal
2026-01-26 05:01:22,AC_UNIT_001,23.03,24.15,23,52.36,1015.71,70.83,377.18,100.0,Normal
2026-01-26 06:01:22,AC_UNIT_001,24.25,26.89,24,50.01,985.8,71.18,416.77,100.0,Normal
2026-01-26 07:01:22,AC_UNIT_001,24.02,24.55,24,53.2,909.62,69.19,396.71,100.0,Normal
2026-01-26 08:01:22,AC_UNIT_001,23.44,30.4,23,51.64,1322.66,73.69,374.22,100.0,Normal
2026-01-26 09:01:22,AC_UNIT_001,22.18,30.03,22,44.96,1284.07,71.03,352.64,100.0,Normal
2026-01-26 10:01:22,AC_UNIT_001,23,29.07,23,54.23,1266.55,69.67,407.97,100.0,Normal
2026-01-26 11:01:22,AC_UNIT_001,24,31.4,24,47.18,1229.45,69.41,374.08,100.0,Normal
2026-01-26 12:01:22,AC_UNIT_001,22,33.52,22,43.95,1046.36,68.68,406.69,100.0,Normal
2026-01-26 13:01:22,AC_UNIT_001,22.14,30.23,22,48.77,1332.38,72.33,417.28,100.0,Normal
2026-01-26 14:01:22,AC_UNIT_001,22.28,30.41,22,43.6,1366.49,73.27,361.2,100.0,Normal
2026-01-26 15:01:22,AC_UNIT_001,24.36,33.95,24,51.95,1241.66,73.67,384.55,100.0,Normal
2026-01-26 16:01:22,AC_UNIT_001,24,30.13,24,51.21,1118.44,67.2,405.41,100.0,Normal
2026-01-26 17:01:22,AC_UNIT_001,24,30.23,24,45.28,1292.63,72.31,356.03,100.0,Normal
2026-01-26 18:01:22,AC_UNIT_001,24.32,33.22,24,41.54,1290.58,72.03,385.24,100.0,Normal
2026-01-26 19:01:22,AC_UNIT_001,22,32.83,22,51.93,1208.39,68.67,405.89,100.0,Normal
2026-01-26 20:01:22,AC_UNIT_001,23,26.07,23,53.97,1053.53,73.64,393.03,100.0,Normal
2026-01-26 21:01:22,AC_UNIT_001,23,26.82,23,51.69,1078.51,74.2,408.18,100.0,Normal
2026-01-26 22:01:22,AC_UNIT_001,22,25.69,22,54.55,1071.02,72.39,361.34,100.0,Normal
2026-01-26 23:01:22,AC_UNIT_001,24.29,24.14,24,47.41,933.18,72.18,376.65,100.0,Normal
2026-01-27 00:01:22,AC_UNIT_001,23.09,26.64,23,40.46,1045.59,68.3,391.01,100.0,Normal
2026-01-27 01:01:22,AC_UNIT_001,24,24.36,24,42.12,908.78,73.65,366.9,100.0,Normal
2026-01-27 02:01:22,AC_UNIT_001,24.31,26.69,24,49.96,1093.1,71.19,385.23,100.0,Normal
2026-01-27 03:01:22,AC_UNIT_001,24.38,24.57,24,49.82,1064.43,73.86,363.22,100.0,Normal
2026-01-27 04:01:22,AC_UNIT_001,23,26.11,23,50.07,829.02,65.66,410.75,100.0,Normal
2026-01-27 05:01:22,AC_UNIT_001,23.4,26.66,23,51.57,1001.29,73.68,365.21,100.0,Normal
2026-01-27 06:01:22,AC_UNIT_001,23.43,24.77,23,49.53,930.55,73.33,355.11,100.0,Normal
2026-01-27 07:01:22,AC_UNIT_001,24.09,25.53,24,50.18,1041.99,68.2,379.59,100.0,Normal
2026-01-27 08:01:22,AC_UNIT_001,22,31.82,22,47.57,1132.63,65.15,391.36,100.0,Normal
2026-01-27 09:01:22,AC_UNIT_001,23,30.5,23,44.14,1056.82,72.82,385.9,100.0,Normal
2026-01-27 10:01:22,AC_UNIT_001,22,33.93,22,41.83,1146.84,73.11,413.2,100.0,Normal
2026-01-27 11:01:22,AC_UNIT_001,24.15,32.39,24,51.36,1342.76,65.73,381.25,100.0,Normal
2026-01-27 12:01:22,AC_UNIT_001,23,28.15,23,50.78,1373.76,69.23,389.07,100.0,Normal
2026-01-27 13:01:22,AC_UNIT_001,22,33.13,22,45.86,1232.09,74.74,370.87,100.0,Normal
2026-01-27 14:01:22,AC_UNIT_001,24.41,33.07,24,42.63,1023.41,74.28,393.98,100.0,Normal
2026-01-27 15:01:22,AC_UNIT_001,24.29,29.73,24,43.23,1289.08,70.77,373.26,100.0,Normal
2026-01-27 16:01:22,AC_UNIT_001,22.46,30.1,22,44.58,1087.88,71.49,384.06,100.0,Normal
2026-01-27 17:01:22,AC_UNIT_001,23,33.6,23,41.89,1021.34,66.16,370.78,100.0,Normal
2026-01-27 18:01:22,AC_UNIT_001,23.28,30.02,23,47.51,1373.99,70.49,359.03,100.0,Normal
2026-01-27 19:01:22,AC_UNIT_001,23.27,29.26,23,54.5,1137.25,72.79,416.05,100.0,Normal
2026-01-27 20:01:22,AC_UNIT_001,24,24.26,24,53.21,855.0,73.54,397.27,100.0,Normal
2026-01-27 21:01:22,AC_UNIT_001,24,24.73,24,54.25,831.52,66.58,367.69,100.0,Normal
2026-01-27 22:01:22,AC_UNIT_001,23,25.32,23,50.49,824.71,67.83,391.74,100.0,Normal
2026-01-27 23:01:22,AC_UNIT_001,24,25.97,24,54.68,815.66,72.82,354.3,100.0,Normal
2026-01-28 00:01:22,AC_UNIT_001,22,24.13,22,44.6,1009.78,68.53,413.9,100.0,Normal
2026-01-28 01:01:22,AC_UNIT_001,24,24.14,24,52.81,954.25,66.83,395.76,100.0,Normal
2026-01-28 02:01:22,AC_UNIT_001,24,24.97,24,52.27,1023.02,74.76,407.16,100.0,Normal
2026-01-28 03:01:22,AC_UNIT_001,24,25.89,24,42.5,1068.92,72.4,388.51,100.0,Normal
2026-01-28 04:01:22,AC_UNIT_001,23.41,25.43,23,41.74,962.98,71.29,376.43,100.0,Normal
2026-01-28 05:01:22,AC_UNIT_001,23,25.59,23,41.62,959.09,66.63,408.67,100.0,Normal
2026-01-28 06:01:22,AC_UNIT_001,24,26.42,24,52.71,1092.99,70.61,364.45,100.0,Normal
2026-01-28 07:01:22,AC_UNIT_001,23.5,24.25,23,40.73,937.32,73.15,412.46,100.0,Normal
2026-01-28 08:01:22,AC_UNIT_001,24,28.47,24,42.3,1079.78,73.61,400.87,100.0,Normal
2026-01-28 09:01:22,AC_UNIT_001,23,31.86,23,51.91,1326.84,72.2,381.13,100.0,Normal
2026-01-28 10:01:22,AC_UNIT_001,24,31.49,24,54.28,1180.84,67.34,410.06,100.0,Normal
2026-01-28 11:01:22,AC_UNIT_001,23,30.74,23,47.7,1292.41,72.96,413.04,100.0,Normal
2026-01-28 12:01:22,AC_UNIT_001,24,29.8,24,41.61,1255.33,67.05,371.52,100.0,Normal
2026-01-28 13:01:22,AC_UNIT_001,24,33.46,24,45.45,1012.19,68.55,375.33,100.0,Normal
2026-01-28 14:01:22,AC_UNIT_001,23,31.18,23,52.15,1186.25,68.0,417.23,100.0,Normal
2026-01-28 15:01:22,AC_UNIT_001,24,30.94,24,49.64,1197.73,67.99,393.16,100.0,Normal
2026-01-28 16:01:22,AC_UNIT_001,23,31.98,23,42.53,1359.19,65.2,382.59,100.0,Normal
2026-01-28 17:01:22,AC_UNIT_001,24,29.62,24,48.82,1299.05,74.65,376.08,100.0,Normal
2026-01-28 18:01:22,AC_UNIT_001,23.21,30.54,23,52.49,1050.19,72.25,378.66,100.0,Normal
2026-01-28 19:01:22,AC_UNIT_001,22,28.27,22,45.63,1215.19,65.82,382.14,100.0,Normal
2026-01-28 20:01:22,AC_UNIT_001,23,24.02,23,47.14,1028.13,73.63,351.47,100.0,Normal
2026-01-28 21:01:22,AC_UNIT_001,24.23,26.33,24,48.26,878.98,68.91,365.23,100.0,Normal
2026-01-28 22:01:22,AC_UNIT_001,22,25.39,22,53.37,1017.45,68.11,359.51,100.0,Normal
2026-01-28 23:01:22,AC_UNIT_001,23.09,24.03,23,52.62,1081.74,70.7,416.28,100.0,Normal
2026-01-29 00:01:22,AC_UNIT_001,24,25.66,24,47.26,970.77,73.96,363.7,100.0,Normal
2026-01-29 01:01:22,AC_UNIT_001,22.03,25.12,22,44.26,911.96,66.99,367.03,100.0,Normal
2026-01-29 02:01:22,AC_UNIT_001,23.08,25.14,23,40.88,966.55,73.46,401.45,100.0,Normal
2026-01-29 03:01:22,AC_UNIT_001,24.38,24.54,24,45.55,1076.55,73.18,416.28,100.0,Normal
2026-01-29 04:01:22,AC_UNIT_001,23.48,24.17,23,48.78,832.21,73.32,382.13,100.0,Normal
2026-01-29 05:01:22,AC_UNIT_001,23.28,24.59,23,54.7,972.68,71.13,419.19,100.0,Normal
2026-01-29 06:01:22,AC_UNIT_001,22,24.44,22,46.07,808.03,73.52,372.44,100.0,Normal
2026-01-29 07:01:22,AC_UNIT_001,22,24.96,22,53.17,857.6,69.01,401.44,100.0,Normal
2026-01-29 08:01:22,AC_UNIT_001,23.49,31.66,23,47.26,1059.74,74.09,413.71,100.0,Normal
2026-01-29 09:01:22,AC_UNIT_001,23.37,32.29,23,49.89,1050.63,70.47,369.69,100.0,Normal
2026-01-29 10:01:22,AC_UNIT_001,23,31.51,23,49.29,1204.18,74.96,402.12,100.0,Normal
2026-01-29 11:01:22,AC_UNIT_001,22.06,32.44,22,42.12,1043.78,68.34,391.84,100.0,Normal
2026-01-29 12:01:22,AC_UNIT_001,22.27,28.53,22,47.83,1392.22,71.92,388.91,100.0,Normal
2026-01-29 13:01:22,AC_UNIT_001,23,33.08,23,50.29,1184.48,71.86,356.44,100.0,Normal
2026-01-29 14:01:22,AC_UNIT_001,22,33.18,22,40.93,1340.8,71.79,368.04,100.0,Normal
2026-01-29 15:01:22,AC_UNIT_001,23.2,33.25,23,40.25,1258.93,71.34,373.81,100.0,Normal
2026-01-29 16:01:22,AC_UNIT_001,22.34,33.35,22,50.8,1168.67,69.31,400.43,100.0,Normal
2026-01-29 17:01:22,AC_UNIT_001,22.27,28.95,22,45.24,1210.69,66.28,388.84,100.0,Normal
2026-01-29 18:01:22,AC_UNIT_001,24.42,30.13,24,53.61,1225.85,70.32,382.5,100.0,Normal
2026-01-29 19:01:22,AC_UNIT_001,22.06,30.08,22,48.57,1280.71,72.47,413.7,100.0,Normal
2026-01-29 20:01:22,AC_UNIT_001,24,25.72,24,53.82,1040.41,73.99,380.23,100.0,Normal
2026-01-29 21:01:22,AC_UNIT_001,22.1,24.69,22,42.49,878.17,74.69,360.84,100.0,Normal
2026-01-29 22:01:22,AC_UNIT_001,22.28,25.51,22,51.92,962.41,71.55,381.29,100.0,Normal
2026-01-29 23:01:22,AC_UNIT_001,23,25.37,23,40.11,946.01,68.37,376.97,100.0,Normal
2026-01-30 00:01:22,AC_UNIT_001,24,26.71,24,44.28,832.54,66.13,361.86,100.0,Normal
2026-01-30 01:01:22,AC_UNIT_001,22.12,25.26,22,49.07,968.53,70.5,377.36,100.0,Normal
2026-01-30 02:01:22,AC_UNIT_001,22,26.5,22,45.28,966.48,69.09,381.11,100.0,Normal
2026-01-30 03:01:22,AC_UNIT_001,23.29,25.03,23,40.39,1027.13,74.87,357.33,100.0,Normal
2026-01-30 04:01:22,AC_UNIT_001,24.4,24.89,24,52.97,900.84,71.48,378.37,100.0,Normal
2026-01-30 05:01:22,AC_UNIT_001,22.41,24.08,22,40.77,945.53,68.81,374.56,100.0,Normal
2026-01-30 06:01:22,AC_UNIT_001,23,25.68,23,54.03,860.51,73.41,413.59,100.0,Normal
2026-01-30 07:01:22,AC_UNIT_001,24.18,26.55,24,45.8,812.88,69.21,408.42,100.0,Normal
2026-01-30 08:01:22,AC_UNIT_001,22,32.25,22,49.49,1253.58,70.06,359.43,100.0,Normal
2026-01-30 09:01:22,AC_UNIT_001,22,33.62,22,52.46,1365.13,72.31,395.55,100.0,Normal
2026-01-30 10:01:22,AC_UNIT_001,22.05,33.85,22,45.43,1097.43,74.5,373.52,100.0,Normal
2026-01-30 11:01:22,AC_UNIT_001,23,33.25,23,40.11,1300.08,74.21,375.09,100.0,Normal
2026-01-30 12:01:22,AC_UNIT_001,22,30.51,22,51.55,1344.0,71.08,404.81,100.0,Normal
2026-01-30 13:01:22,AC_UNIT_001,22.45,32.56,22,44.85,1099.44,74.39,360.62,100.0,Normal
2026-01-30 14:01:22,AC_UNIT_001,22,30.98,22,44.86,1086.75,73.59,405.03,100.0,Normal
2026-01-30 15:01:22,AC_UNIT_001,23.18,32.81,23,47.11,1000.04,73.39,372.93,100.0,Normal
2026-01-30 16:01:22,AC_UNIT_001,22,29.86,22,52.09,1027.45,74.34,351.38,100.0,Normal
2026-01-30 17:01:22,AC_UNIT_001,24,30.39,24,46.25,1252.71,73.12,358.86,100.0,Normal
2026-01-30 18:01:22,AC_UNIT_001,22,31.56,22,48.07,1364.15,70.37,354.47,100.0,Normal
2026-01-30 19:01:22,AC_UNIT_001,22,32.09,22,41.94,1164.15,74.03,417.85,100.0,Normal
2026-01-30 20:01:22,AC_UNIT_001,24.36,26.09,24,43.24,824.05,71.73,410.81,100.0,Normal
2026-01-30 21:01:22,AC_UNIT_001,24,26.3,24,47.96,899.87,71.09,379.8,100.0,Normal
2026-01-30 22:01:22,AC_UNIT_001,24,26.96,24,54.31,1019.19,71.46,400.11,100.0,Normal
2026-01-30 23:01:22,AC_UNIT_001,24,26.93,24,42.39,1068.88,71.86,398.04,100.0,Normal
2026-01-31 00:01:22,AC_UNIT_001,24.34,25.81,24,41.75,941.66,65.23,368.36,100.0,Normal
2026-01-31 01:01:22,AC_UNIT_001,24.02,26.68,24,45.94,916.91,72.52,357.69,100.0,Normal
2026-01-31 02:01:22,AC_UNIT_001,22,25.17,22,53.06,1096.99,74.2,373.04,100.0,Normal
2026-01-31 03:01:22,AC_UNIT_001,22,24.84,22,48.74,849.35,65.76,362.36,100.0,Normal
2026-01-31 04:01:22,AC_UNIT_001,22.32,26.22,22,52.27,1003.52,69.21,404.47,100.0,Normal
2026-01-31 05:01:22,AC_UNIT_001,23,25.43,23,40.84,958.17,74.63,392.99,100.0,Normal
2026-01-31 06:01:22,AC_UNIT_001,22,26.28,22,54.71,891.37,68.5,378.71,100.0,Normal
2026-01-31 07:01:22,AC_UNIT_001,23.05,26.12,23,43.56,919.97,65.86,390.46,100.0,Normal
2026-01-31 08:01:22,AC_UNIT_001,24,31.77,24,52.72,1142.91,74.82,358.12,100.0,Normal
2026-01-31 09:01:22,AC_UNIT_001,24.47,32.28,24,41.7,1104.52,65.61,409.51,100.0,Normal
2026-01-31 10:01:22,AC_UNIT_001,22,29.76,22,53.46,1056.17,65.29,410.54,100.0,Normal
2026-01-31 11:01:22,AC_UNIT_001,24,32.88,24,53.62,1202.87,73.84,377.46,100.0,Normal
2026-01-31 12:01:22,AC_UNIT_001,23.07,33.02,23,46.31,1172.18,72.56,377.54,100.0,Normal
2026-01-31 13:01:22,AC_UNIT_001,23,29.91,23,46.17,1086.35,73.3,400.03,100.0,Normal
2026-01-31 14:01:22,AC_UNIT_001,22,30.58,22,49.83,1108.3,66.64,385.88,100.0,Normal
2026-01-31 15:01:22,AC_UNIT_001,23,28.62,23,41.32,1251.5,65.48,417.5,100.0,Normal
2026-01-31 16:01:22,AC_UNIT_001,24.11,29.78,24,54.6,1178.27,70.38,379.17,100.0,Normal
2026-01-31 17:01:22,AC_UNIT_001,23,33.67,23,42.34,1224.85,73.47,393.28,100.0,Normal
2026-01-31 18:01:22,AC_UNIT_001,24,30.84,24,40.87,1253.86,69.45,385.63,100.0,Normal
2026-01-31 19:01:22,AC_UNIT_001,22,28.97,22,46.46,1223.26,73.42,368.33,100.0,Normal
2026-01-31 20:01:22,AC_UNIT_001,22.4,26.6,22,51.86,899.56,71.76,366.94,100.0,Normal
2026-01-31 21:01:22,AC_UNIT_001,22.06,25.21,22,46.52,1032.8,73.42,391.89,100.0,Normal
2026-01-31 22:01:22,AC_UNIT_001,22,25.48,22,52.18,906.33,66.08,408.07,100.0,Normal
2026-01-31 23:01:22,AC_UNIT_001,23,24.78,23,53.03,1034.98,69.55,398.44,100.0,Normal
2026-02-01 00:01:22,AC_UNIT_001,22.32,24.46,22,45.42,984.62,73.56,406.74,100.0,Normal
2026-02-01 01:01:22,AC_UNIT_001,24.47,24.85,24,50.61,894.1,66.89,367.38,100.0,Normal
2026-02-01 02:01:22,AC_UNIT_001,22.25,24.06,22,47.39,1084.91,65.03,351.15,100.0,Normal
2026-02-01 03:01:22,AC_UNIT_001,23,24.99,23,49.57,992.22,71.89,358.53,100.0,Normal
2026-02-01 04:01:22,AC_UNIT_001,22,24.51,22,46.15,951.13,65.88,364.07,100.0,Normal
2026-02-01 05:01:22,AC_UNIT_001,23,26.31,23,42.33,889.51,68.3,412.95,100.0,Normal
2026-02-01 06:01:22,AC_UNIT_001,23,26.42,23,40.46,881.94,68.78,397.03,100.0,Normal
2026-02-01 07:01:22,AC_UNIT_001,22.13,24.77,22,47.96,954.31,71.01,372.28,100.0,Normal
2026-02-01 08:01:22,AC_UNIT_001,23.42,33.8,23,41.14,1232.92,74.85,415.48,100.0,Normal
2026-02-01 09:01:22,AC_UNIT_001,22.39,32.27,22,44.06,1286.15,73.14,386.06,100.0,Normal
2026-02-01 10:01:22,AC_UNIT_001,23.49,30.03,23,41.42,1180.39,72.0,394.77,100.0,Normal
2026-02-01 11:01:22,AC_UNIT_001,22.24,30.13,22,45.61,1016.61,71.65,364.29,100.0,Normal
2026-02-01 12:01:22,AC_UNIT_001,24,31.92,24,45.16,1012.82,67.48,362.51,100.0,Normal
2026-02-01 13:01:22,AC_UNIT_001,24,29.14,24,54.57,1388.23,65.03,363.37,100.0,Normal
2026-02-01 14:01:22,AC_UNIT_001,22,31.15,22,49.49,1340.42,69.21,376.78,100.0,Normal
2026-02-01 15:01:22,AC_UNIT_001,24.3,31.61,24,43.64,1300.06,67.24,387.35,100.0,Normal
2026-02-01 16:01:22,AC_UNIT_001,22,32.46,22,51.96,1213.32,71.54,414.78,100.0,Normal
2026-02-01 17:01:22,AC_UNIT_001,23.48,31.56,23,45.95,1089.97,73.2,373.56,100.0,Normal
2026-02-01 18:01:22,AC_UNIT_001,23,30.05,23,42.05,1353.12,72.92,413.14,100.0,Normal
2026-02-01 19:01:22,AC_UNIT_001,22.01,30.92,22,49.2,1342.37,65.65,364.02,100.0,Normal
2026-02-01 20:01:22,AC_UNIT_001,23.4,25.97,23,44.5,808.39,67.47,374.95,100.0,Normal
2026-02-01 21:01:22,AC_UNIT_001,23,24.76,23,47.23,823.42,74.03,386.62,100.0,Normal
2026-02-01 22:01:22,AC_UNIT_001,24.34,24.54,24,51.73,904.39,66.51,360.38,100.0,Normal
2026-02-01 23:01:22,AC_UNIT_001,23.16,25.52,23,49.31,1055.36,67.44,397.34,100.0,Normal
2026-02-02 00:01:22,AC_UNIT_001,23.43,25.79,23,42.82,1068.84,72.25,395.76,100.0,Normal
2026-02-02 01:01:22,AC_UNIT_001,23,25.66,23,54.22,893.49,69.59,376.08,100.0,Normal
2026-02-02 02:01:22,AC_UNIT_001,23.25,26.01,23,40.08,980.79,74.57,351.2,100.0,Normal
2026-02-02 03:01:22,AC_UNIT_001,22.44,25.83,22,42.44,905.02,73.35,407.57,100.0,Normal
2026-02-02 04:01:22,AC_UNIT_001,24,24.16,24,45.65,806.0,72.88,352.49,100.0,Normal
2026-02-02 05:01:22,AC_UNIT_001,24.06,24.09,24,52.66,959.68,73.2,369.41,100.0,Normal
2026-02-02 06:01:22,AC_UNIT_001,23,24.38,23,53.81,878.39,70.14,385.67,100.0,Normal
2026-02-02 07:01:22,AC_UNIT_001,22,26.25,22,43.16,836.25,71.64,407.37,100.0,Normal
2026-02-02 08:01:22,AC_UNIT_001,24.5,31.07,24,42.05,1077.82,70.07,402.12,100.0,Normal
2026-02-02 09:01:22,AC_UNIT_001,24.17,29.38,24,51.67,1233.92,67.46,364.3,100.0,Normal
2026-02-02 10:01:22,AC_UNIT_001,24,33.26,24,52.69,1326.38,69.79,362.73,100.0,Normal
2026-02-02 11:01:22,AC_UNIT_001,23,31.71,23,45.79,1189.94,65.39,366.51,100.0,Normal
2026-02-02 12:01:22,AC_UNIT_001,24.11,33.41,24,40.4,1063.8,67.68,385.99,100.0,Normal
2026-02-02 13:01:22,AC_UNIT_001,23.34,28.55,23,49.71,1197.5,73.51,380.76,100.0,Normal
2026-02-02 14:01:22,AC_UNIT_001,24.31,28.28,24,49.8,1288.82,74.03,383.29,100.0,Normal
2026-02-02 15:01:22,AC_UNIT_001,24,32.49,24,51.26,1383.0,73.22,405.66,100.0,Normal
2026-02-02 16:01:22,AC_UNIT_001,23.49,33.42,23,53.33,1085.51,67.03,372.22,100.0,Normal
2026-02-02 17:01:22,AC_UNIT_001,22.1,30.78,22,47.99,1390.14,71.84,390.55,100.0,Normal
2026-02-02 18:01:22,AC_UNIT_001,23,29.61,23,54.51,1344.74,66.45,375.35,100.0,Normal
2026-02-02 19:01:22,AC_UNIT_001,24.31,33.83,24,41.98,1074.13,74.89,396.9,100.0,Normal
2026-02-02 20:01:22,AC_UNIT_001,24.46,26.8,24,50.63,850.9,66.59,398.0,100.0,Normal
2026-02-02 21:01:22,AC_UNIT_001,24,24.85,24,40.75,940.93,71.72,396.15,100.0,Normal
2026-02-02 22:01:22,AC_UNIT_001,24,24.02,24,40.09,975.94,68.54,389.43,100.0,Normal
2026-02-02 23:01:22,AC_UNIT_001,22.18,25.0,22,43.39,823.39,67.24,355.13,100.0,Normal
2026-02-03 00:01:22,AC_UNIT_001,23,26.04,23,50.72,874.96,74.58,351.5,100.0,Normal
2026-02-03 01:01:22,AC_UNIT_001,23,25.83,23,46.48,845.92,74.28,415.98,100.0,Normal
2026-02-03 02:01:22,AC_UNIT_001,24,25.57,24,50.77,917.64,73.92,375.93,100.0,Normal
2026-02-03 03:01:22,AC_UNIT_001,22.05,24.66,22,54.42,1061.07,69.02,352.42,100.0,Normal
2026-02-03 04:01:22,AC_UNIT_001,22.06,24.93,22,43.02,1011.93,73.19,367.18,100.0,Normal
2026-02-03 05:01:22,AC_UNIT_001,24,26.54,24,45.05,1010.34,68.65,369.2,100.0,Normal
2026-02-03 06:01:22,AC_UNIT_001,23,24.01,23,44.37,953.0,65.89,384.03,100.0,Normal
2026-02-03 07:01:22,AC_UNIT_001,24,24.0,24,53.05,897.38,67.48,397.96,100.0,Normal
2026-02-03 08:01:22,AC_UNIT_001,23,30.78,23,51.46,1373.09,66.25,396.36,100.0,Normal
2026-02-03 09:01:22,AC_UNIT_001,23,30.63,23,40.2,1005.05,65.43,411.51,100.0,Normal
2026-02-03 10:01:22,AC_UNIT_001,24,32.67,24,50.12,1069.58,70.29,365.2,100.0,Normal
2026-02-03 11:01:22,AC_UNIT_001,22,30.86,22,51.13,1355.29,70.53,370.18,100.0,Normal
2026-02-03 12:01:22,AC_UNIT_001,24,33.01,24,44.79,1096.24,72.41,376.79,100.0,Normal
2026-02-03 13:01:22,AC_UNIT_001,23,29.61,23,52.29,1292.73,68.71,365.1,100.0,Normal
2026-02-03 14:01:22,AC_UNIT_001,24,30.82,24,44.45,1352.15,66.27,370.93,100.0,Normal
2026-02-03 15:01:22,AC_UNIT_001,23.16,30.66,23,46.88,1352.13,74.8,399.71,100.0,Normal
2026-02-03 16:01:22,AC_UNIT_001,22.23,28.94,22,51.98,1386.99,66.03,382.51,100.0,Normal
2026-02-03 17:01:22,AC_UNIT_001,22.37,33.98,22,43.7,1208.01,74.57,366.64,100.0,Normal
2026-02-03 18:01:22,AC_UNIT_001,23.36,30.72,23,42.46,1341.04,72.0,418.29,100.0,Normal
2026-02-03 19:01:22,AC_UNIT_001,23.45,33.1,23,53.53,1060.65,70.26,414.23,100.0,Normal
2026-02-03 20:01:22,AC_UNIT_001,22.06,26.42,22,54.73,962.45,69.46,416.44,100.0,Normal
2026-02-03 21:01:22,AC_UNIT_001,24,24.33,24,44.28,1090.22,68.45,377.7,100.0,Normal
2026-02-03 22:01:22,AC_UNIT_001,23,26.86,23,42.16,864.91,69.11,366.9,100.0,Normal
2026-02-03 23:01:22,AC_UNIT_001,24,24.45,24,45.46,1044.99,71.5,408.48,100.0,Normal
2026-02-04 00:01:22,AC_UNIT_001,22,25.82,22,44.86,892.23,70.3,404.9,100.0,Normal
2026-02-04 01:01:22,AC_UNIT_001,24,25.1,24,45.64,835.8,74.39,357.66,100.0,Normal
2026-02-04 02:01:22,AC_UNIT_001,24.41,26.84,24,43.83,845.14,74.1,397.2,100.0,Normal
2026-02-04 03:01:22,AC_UNIT_001,24,24.24,24,43.47,851.91,71.5,404.41,100.0,Normal
2026-02-04 04:01:22,AC_UNIT_001,22,25.48,22,42.9,827.13,66.82,374.68,100.0,Normal
2026-02-04 05:01:22,AC_UNIT_001,23.4,25.51,23,51.37,1067.46,65.96,404.06,100.0,Normal
2026-02-04 06:01:22,AC_UNIT_001,22,24.61,22,49.97,1086.57,70.61,350.86,100.0,Normal
2026-02-04 07:01:22,AC_UNIT_001,23.03,24.02,23,41.27,952.72,72.29,351.35,100.0,Normal
2026-02-04 08:01:22,AC_UNIT_001,24.5,32.96,24,52.06,1057.31,69.5,371.6,100.0,Normal
2026-02-04 09:01:22,AC_UNIT_001,22.37,32.25,22,41.54,1216.78,65.22,409.8,100.0,Normal
2026-02-04 10:01:22,AC_UNIT_001,24,31.39,24,50.94,1355.82,73.33,406.8,100.0,Normal
2026-02-04 11:01:22,AC_UNIT_001,22,33.33,22,44.69,1321.59,74.06,351.9,100.0,Normal
2026-02-04 12:01:22,AC_UNIT_001,24,29.25,24,54.2,1323.87,71.78,408.15,100.0,Normal
2026-02-04 13:01:22,AC_UNIT_001,24.48,31.65,24,53.24,1011.34,66.81,356.15,100.0,Normal
2026-02-04 14:01:22,AC_UNIT_001,24.35,33.23,24,51.12,1255.5,70.22,404.85,100.0,Normal
2026-02-04 15:01:22,AC_UNIT_001,24.02,30.62,24,49.9,1334.71,72.37,400.16,100.0,Normal
2026-02-04 16:01:22,AC_UNIT_001,24,29.83,24,51.62,1228.57,67.56,372.44,100.0,Normal
2026-02-04 17:01:22,AC_UNIT_001,23.44,29.12,23,54.91,1096.89,74.41,405.32,100.0,Normal
2026-02-04 18:01:22,AC_UNIT_001,23,33.99,23,43.61,1120.98,74.14,411.8,100.0,Normal
2026-02-04 19:01:22,AC_UNIT_001,22,28.02,22,53.69,1094.96,74.65,406.99,100.0,Normal
2026-02-04 20:01:22,AC_UNIT_001,23.38,26.96,23,43.75,985.76,68.2,398.59,100.0,Normal
2026-02-04 21:01:22,AC_UNIT_001,22,26.97,22,51.28,825.21,70.43,385.71,100.0,Normal
2026-02-04 22:01:22,AC_UNIT_001,23,26.7,23,42.1,955.09,69.9,377.65,100.0,Normal
2026-02-04 23:01:22,AC_UNIT_001,24,24.83,24,47.47,801.82,67.54,417.56,100.0,Normal
2026-02-05 00:01:22,AC_UNIT_001,23.45,24.03,23,44.59,1009.64,74.76,417.8,100.0,Normal
2026-02-05 01:01:22,AC_UNIT_001,24,26.26,24,49.2,1065.68,67.17,398.76,100.0,Normal
2026-02-05 02:01:22,AC_UNIT_001,22,25.92,22,44.65,910.55,69.32,372.95,100.0,Normal
2026-02-05 03:01:22,AC_UNIT_001,22,25.32,22,43.33,1044.72,68.03,362.35,100.0,Normal
2026-02-05 04:01:22,AC_UNIT_001,22,25.49,22,54.91,811.73,67.15,361.42,100.0,Normal
2026-02-05 05:01:22,AC_UNIT_001,23,25.62,23,49.33,852.04,66.9,399.81,100.0,Normal
2026-02-05 06:01:22,AC_UNIT_001,23.38,25.37,23,51.61,972.6,74.17,400.43,100.0,Normal
2026-02-05 07:01:22,AC_UNIT_001,22,25.42,22,48.46,891.08,69.15,408.14,100.0,Normal
2026-02-05 08:01:22,AC_UNIT_001,22,28.71,22,41.89,1273.49,71.84,391.17,100.0,Normal
2026-02-05 09:01:22,AC_UNIT_001,24.03,32.42,24,40.73,1109.32,70.13,408.7,100.0,Normal
2026-02-05 10:01:22,AC_UNIT_001,22,31.46,22,40.84,1366.74,69.47,409.4,100.0,Normal
2026-02-05 11:01:22,AC_UNIT_001,22.32,32.35,22,42.51,1012.97,69.85,405.46,100.0,Normal
2026-02-05 12:01:22,AC_UNIT_001,23,33.67,23,49.25,1297.5,73.34,370.41,100.0,Normal
2026-02-05 13:01:22,AC_UNIT_001,22.27,29.84,22,52.65,1396.73,66.78,351.45,100.0,Normal
2026-02-05 14:01:22,AC_UNIT_001,23,28.95,23,51.86,1362.77,73.02,353.6,100.0,Normal
2026-02-05 15:01:22,AC_UNIT_001,24,32.91,24,50.32,1270.65,68.05,409.77,100.0,Normal
2026-02-05 16:01:22,AC_UNIT_001,22,30.19,22,40.43,1001.89,68.15,410.7,100.0,Normal
2026-02-05 17:01:22,AC_UNIT_001,23.08,33.1,23,53.52,1264.84,67.31,373.84,100.0,Normal
2026-02-05 18:01:22,AC_UNIT_001,22.46,32.72,22,49.18,1159.68,68.4,362.03,100.0,Normal
2026-02-05 19:01:22,AC_UNIT_001,23,30.08,23,41.8,1184.41,69.62,398.17,100.0,Normal
2026-02-05 20:01:22,AC_UNIT_001,22.33,26.28,22,53.94,1073.17,74.53,366.18,100.0,Normal
2026-02-05 21:01:22,AC_UNIT_001,23.24,25.7,23,47.43,870.32,72.68,382.31,100.0,Normal
2026-02-05 22:01:22,AC_UNIT_001,22,24.32,22,44.09,826.05,74.06,356.95,100.0,Normal
2026-02-05 23:01:22,AC_UNIT_001,22,26.99,22,48.72,1062.54,73.68,399.28,100.0,Normal
2026-02-06 00:01:22,AC_UNIT_001,22.02,25.86,22,41.87,909.51,73.92,356.44,100.0,Normal
2026-02-06 01:01:22,AC_UNIT_001,24.12,26.99,24,52.89,1086.33,69.07,415.58,100.0,Normal
2026-02-06 02:01:22,AC_UNIT_001,23.21,25.88,23,46.24,1060.68,73.45,413.05,100.0,Normal
2026-02-06 03:01:22,AC_UNIT_001,22.46,24.18,22,47.59,975.94,70.23,399.64,100.0,Normal
2026-02-06 04:01:22,AC_UNIT_001,22.11,25.33,22,51.91,1097.46,67.37,401.96,100.0,Normal
2026-02-06 05:01:22,AC_UNIT_001,24,26.94,24,42.73,870.36,65.65,359.8,100.0,Normal
2026-02-06 06:01:22,AC_UNIT_001,23.15,26.71,23,49.52,811.12,72.08,369.72,100.0,Normal
2026-02-06 07:01:22,AC_UNIT_001,23.38,25.69,23,47.7,843.65,72.92,351.06,100.0,Normal
2026-02-06 08:01:22,AC_UNIT_001,23.43,32.79,23,51.23,1025.47,65.81,361.08,100.0,Normal
2026-02-06 09:01:22,AC_UNIT_001,22.33,29.75,22,46.06,1028.95,69.74,384.58,100.0,Normal
2026-02-06 10:01:22,AC_UNIT_001,22.33,32.91,22,49.96,1002.83,73.22,373.85,100.0,Normal
2026-02-06 11:01:22,AC_UNIT_001,24,31.64,24,50.29,1001.74,67.7,415.51,100.0,Normal
2026-02-06 12:01:22,AC_UNIT_001,23.49,32.41,23,42.07,1357.36,73.96,404.19,100.0,Normal
2026-02-06 13:01:22,AC_UNIT_001,23,33.42,23,48.87,1349.25,72.13,353.75,100.0,Normal
2026-02-06 14:01:22,AC_UNIT_001,23.39,30.43,23,47.44,1126.03,65.56,351.75,100.0,Normal
2026-02-06 15:01:22,AC_UNIT_001,23,33.46,23,46.01,1376.25,69.59,365.65,100.0,Normal
2026-02-06 16:01:22,AC_UNIT_001,23.35,32.59,23,41.41,1065.28,72.76,359.37,100.0,Normal
2026-02-06 17:01:22,AC_UNIT_001,22.17,32.9,22,50.3,1392.62,66.13,381.82,100.0,Normal
2026-02-06 18:01:22,AC_UNIT_001,22.33,31.02,22,41.38,1311.92,69.65,374.45,100.0,Normal
2026-02-06 19:01:22,AC_UNIT_001,24,30.59,24,43.36,1315.5,74.1,359.54,100.0,Normal
2026-02-06 20:01:22,AC_UNIT_001,24.37,26.6,24,41.68,962.05,68.3,351.58,100.0,Normal
2026-02-06 21:01:22,AC_UNIT_001,22,25.09,22,51.07,1068.64,70.76,371.92,100.0,Normal
2026-02-06 22:01:22,AC_UNIT_001,23.39,25.3,23,46.56,1044.92,65.45,418.21,100.0,Normal
2026-02-06 23:01:22,AC_UNIT_001,24.23,25.38,24,46.22,1022.07,70.07,376.73,100.0,Normal
2026-02-07 00:01:22,AC_UNIT_001,23,25.42,23,50.1,1053.86,69.56,392.27,100.0,Normal
2026-02-07 01:01:22,AC_UNIT_001,24.32,25.34,24,44.59,857.62,69.57,419.26,100.0,Normal
2026-02-07 02:01:22,AC_UNIT_001,24.19,25.32,24,45.96,844.16,69.79,413.44,100.0,Normal
2026-02-07 03:01:22,AC_UNIT_001,22,25.31,22,42.78,1051.17,71.42,379.55,100.0,Normal
2026-02-07 04:01:22,AC_UNIT_001,24.29,25.1,24,54.58,934.71,69.71,406.24,100.0,Normal
2026-02-07 05:01:22,AC_UNIT_001,23,24.23,23,41.06,863.24,67.98,388.7,100.0,Normal
2026-02-07 06:01:22,AC_UNIT_001,23,25.24,23,51.11,1036.29,70.11,390.39,100.0,Normal
2026-02-07 07:01:22,AC_UNIT_001,22.24,24.72,22,50.16,953.49,70.42,405.8,100.0,Normal
2026-02-07 08:01:22,AC_UNIT_001,23,28.89,23,47.16,1059.63,74.87,354.68,100.0,Normal
2026-02-07 09:01:22,AC_UNIT_001,24.25,32.59,24,40.82,1303.15,70.15,362.13,100.0,Normal
2026-02-07 10:01:22,AC_UNIT_001,24.32,28.39,24,51.97,1255.56,73.77,390.33,100.0,Normal
2026-02-07 11:01:22,AC_UNIT_001,22,30.28,22,53.71,1397.98,72.06,405.15,100.0,Normal
2026-02-07 12:01:22,AC_UNIT_001,24.32,29.26,24,44.66,1291.22,67.34,410.97,100.0,Normal
2026-02-07 13:01:22,AC_UNIT_001,23.26,31.44,23,44.96,1003.48,74.53,354.92,100.0,Normal
2026-02-07 14:01:22,AC_UNIT_001,24,29.92,24,43.45,1168.34,73.24,395.51,100.0,Normal
2026-02-07 15:01:22,AC_UNIT_001,22,32.43,22,48.93,1122.12,66.33,366.18,100.0,Normal
2026-02-07 16:01:22,AC_UNIT_001,22.26,32.27,22,53.82,1316.98,70.95,361.13,100.0,Normal
2026-02-07 17:01:22,AC_UNIT_001,23.23,28.63,23,43.98,1233.43,70.59,414.76,100.0,Normal
2026-02-07 18:01:22,AC_UNIT_001,23.36,33.71,23,42.21,1360.83,68.07,386.94,100.0,Normal
2026-02-07 19:01:22,AC_UNIT_001,24,32.5,24,45.62,1098.2,72.08,403.38,100.0,Normal
2026-02-07 20:01:22,AC_UNIT_001,24.34,24.9,24,50.96,946.68,74.48,365.74,100.0,Normal
2026-02-07 21:01:22,AC_UNIT_001,24.29,26.51,24,45.93,1035.77,69.4,400.64,100.0,Normal
2026-02-07 22:01:22,AC_UNIT_001,23.18,26.73,23,47.58,834.79,70.3,386.39,100.0,Normal
2026-02-07 23:01:22,AC_UNIT_001,22.07,26.61,22,49.48,967.13,70.3,381.58,100.0,Normal
2026-02-08 00:01:22,AC_UNIT_001,24.14,26.58,24,50.57,926.27,70.34,406.14,100.0,Normal
2026-02-08 01:01:22,AC_UNIT_001,24,24.59,24,52.17,919.92,66.87,356.08,100.0,Normal
2026-02-08 02:01:22,AC_UNIT_001,23.46,26.16,23,53.12,813.84,72.28,380.06,100.0,Normal
2026-02-08 03:01:22,AC_UNIT_001,23,26.63,23,49.79,811.46,74.74,404.82,100.0,Normal
2026-02-08 04:01:22,AC_UNIT_001,24,24.75,24,48.77,897.06,72.74,378.91,100.0,Normal
2026-02-08 05:01:22,AC_UNIT_001,24.31,24.72,24,46.8,1084.76,72.12,377.48,100.0,Normal
2026-02-08 06:01:22,AC_UNIT_001,23,26.92,23,44.18,940.21,67.92,376.04,100.0,Normal
2026-02-08 07:01:22,AC_UNIT_001,23,26.35,23,44.93,932.15,69.09,403.07,100.0,Normal
2026-02-08 08:01:22,AC_UNIT_001,23,31.94,23,54.03,1031.61,69.73,350.06,100.0,Normal
2026-02-08 09:01:22,AC_UNIT_001,23,31.34,23,52.12,1345.34,71.72,387.33,100.0,Normal
2026-02-08 10:01:22,AC_UNIT_001,23.39,31.61,23,52.08,1060.89,68.92,364.34,100.0,Normal
2026-02-08 11:01:22,AC_UNIT_001,23.11,33.56,23,45.3,1153.26,69.52,382.21,100.0,Normal
2026-02-08 12:01:22,AC_UNIT_001,24,28.86,24,41.59,1058.36,68.83,359.81,100.0,Normal
2026-02-08 13:01:22,AC_UNIT_001,22,31.55,22,42.74,1243.01,70.39,378.18,100.0,Normal
2026-02-08 14:01:22,AC_UNIT_001,22.11,28.44,22,53.39,1313.95,72.01,366.22,100.0,Normal
2026-02-08 15:01:22,AC_UNIT_001,22.13,31.19,22,40.33,1277.96,69.61,364.67,100.0,Normal
2026-02-08 16:01:22,AC_UNIT_001,22.19,32.92,22,44.95,1306.37,73.73,379.25,100.0,Normal
2026-02-08 17:01:22,AC_UNIT_001,24.38,28.45,24,50.22,1325.94,74.53,392.08,100.0,Normal
2026-02-08 18:01:22,AC_UNIT_001,22,33.52,22,50.18,1232.44,71.58,360.48,100.0,Normal
2026-02-08 19:01:22,AC_UNIT_001,22,29.54,22,52.65,1398.67,65.79,418.95,100.0,Normal
2026-02-08 20:01:22,AC_UNIT_001,23,26.28,23,51.91,864.12,70.19,414.31,100.0,Normal
2026-02-08 21:01:22,AC_UNIT_001,22.02,25.22,22,43.23,1002.77,66.11,396.41,100.0,Normal
2026-02-08 22:01:22,AC_UNIT_001,23,25.68,23,53.69,1037.81,72.43,371.98,100.0,Normal
2026-02-08 23:01:22,AC_UNIT_001,24,24.73,24,44.06,1072.33,69.28,395.02,100.0,Normal
2026-02-09 00:01:22,AC_UNIT_001,24.16,24.91,24,51.01,928.64,71.28,380.83,100.0,Normal
2026-02-09 01:01:22,AC_UNIT_001,23.46,26.95,23,51.61,838.6,69.46,401.03,100.0,Normal
2026-02-09 02:01:22,AC_UNIT_001,23,26.89,23,50.22,875.59,71.83,367.44,100.0,Normal
2026-02-09 03:01:22,AC_UNIT_001,23.49,24.05,23,49.28,1035.95,70.12,356.56,100.0,Normal
2026-02-09 04:01:22,AC_UNIT_001,24,25.25,24,46.96,1047.72,68.44,368.28,100.0,Normal
2026-02-09 05:01:22,AC_UNIT_001,22,25.53,22,40.08,903.63,73.02,400.37,100.0,Normal
2026-02-09 06:01:22,AC_UNIT_001,23,26.75,23,50.83,1046.6,71.3,407.04,100.0,Normal
2026-02-09 07:01:22,AC_UNIT_001,22.33,26.5,22,45.21,1026.64,68.98,381.94,100.0,Normal
2026-02-09 08:01:22,AC_UNIT_001,22.42,33.68,22,40.11,1011.47,65.08,350.42,100.0,Normal
2026-02-09 09:01:22,AC_UNIT_001,22.38,31.29,22,51.69,1083.06,70.38,419.23,100.0,Normal
2026-02-09 10:01:22,AC_UNIT_001,23.01,28.95,23,41.93,1238.16,71.71,362.66,100.0,Normal
2026-02-09 11:01:22,AC_UNIT_001,23.27,28.36,23,44.69,1158.49,69.58,353.89,100.0,Normal
2026-02-09 12:01:22,AC_UNIT_001,22,28.49,22,43.23,1106.83,65.83,359.47,100.0,Normal
2026-02-09 13:01:22,AC_UNIT_001,22,29.67,22,53.95,1252.39,65.71,387.46,100.0,Normal
2026-02-09 14:01:22,AC_UNIT_001,22,32.49,22,43.17,1336.56,67.71,378.05,100.0,Normal
2026-02-09 15:01:22,AC_UNIT_001,24.47,30.81,24,48.13,1178.65,66.73,370.06,100.0,Normal
2026-02-09 16:01:22,AC_UNIT_001,23,31.88,23,45.32,1010.61,67.0,407.45,100.0,Normal
2026-02-09 17:01:22,AC_UNIT_001,23.24,33.29,23,51.39,1131.02,68.64,387.92,100.0,Normal
2026-02-09 18:01:22,AC_UNIT_001,23.03,32.07,23,44.3,1057.41,73.32,350.98,100.0,Normal
2026-02-09 19:01:22,AC_UNIT_001,24,33.05,24,42.05,1096.9,65.95,417.67,100.0,Normal
2026-02-09 20:01:22,AC_UNIT_001,22.27,26.04,22,50.27,1001.95,73.78,396.5,100.0,Normal
2026-02-09 21:01:22,AC_UNIT_001,23,24.33,23,45.4,1072.92,74.07,405.38,100.0,Normal
2026-02-09 22:01:22,AC_UNIT_001,24,24.36,24,43.05,942.8,66.26,379.08,100.0,Normal
2026-02-09 23:01:22,AC_UNIT_001,22.46,25.39,22,52.74,869.05,69.46,408.89,100.0,Normal
2026-02-10 00:01:22,AC_UNIT_001,24.11,24.48,24,51.72,860.55,66.25,409.53,100.0,Normal
2026-02-10 01:01:22,AC_UNIT_001,24,25.22,24,48.79,1014.03,73.9,407.2,100.0,Normal
2026-02-10 02:01:22,AC_UNIT_001,22.24,26.13,22,40.8,980.53,69.25,360.97,100.0,Normal
2026-02-10 03:01:22,AC_UNIT_001,22,25.08,22,43.97,1010.31,68.68,384.35,100.0,Normal
2026-02-10 04:01:22,AC_UNIT_001,22,24.9,22,52.29,1026.38,72.83,350.24,100.0,Normal
2026-02-10 05:01:22,AC_UNIT_001,23.44,24.85,23,46.91,869.08,70.66,354.56,100.0,Normal
2026-02-10 06:01:22,AC_UNIT_001,23.16,25.06,23,50.65,827.41,74.58,414.5,100.0,Normal
2026-02-10 07:01:22,AC_UNIT_001,22,26.75,22,41.27,802.0,69.01,380.09,100.0,Normal
2026-02-10 08:01:22,AC_UNIT_001,23.35,28.15,23,53.18,1159.24,73.78,374.73,100.0,Normal
2026-02-10 09:01:22,AC_UNIT_001,22.26,30.11,22,54.85,1025.17,73.8,372.02,100.0,Normal
2026-02-10 10:01:22,AC_UNIT_001,23,31.65,23,42.68,1179.59,69.1,403.42,100.0,Normal
2026-02-10 11:01:22,AC_UNIT_001,24.0,30.34,24,54.48,1311.88,71.32,407.79,100.0,Normal
2026-02-10 12:01:22,AC_UNIT_001,24.2,30.26,24,40.73,1207.25,74.77,407.83,100.0,Normal
2026-02-10 13:01:22,AC_UNIT_001,24,28.68,24,43.97,1107.4,67.65,419.63,100.0,Normal
2026-02-10 14:01:22,AC_UNIT_001,22,28.9,22,48.31,1283.52,67.88,363.63,100.0,Normal
2026-02-10 15:01:22,AC_UNIT_001,23,33.45,23,42.9,1348.88,68.82,365.7,100.0,Normal
2026-02-10 16:01:22,AC_UNIT_001,24,33.52,24,48.47,1315.24,67.15,412.4,100.0,Normal
2026-02-10 17:01:22,AC_UNIT_001,24.44,28.6,24,51.92,1104.87,69.54,388.57,100.0,Normal
2026-02-10 18:01:22,AC_UNIT_001,22.17,28.31,22,53.73,1370.49,71.41,395.57,100.0,Normal
2026-02-10 19:01:22,AC_UNIT_001,22,30.0,22,51.27,1256.4,71.16,407.99,100.0,Normal
2026-02-10 20:01:22,AC_UNIT_001,24.49,24.7,24,52.17,949.94,70.72,399.26,100.0,Normal
2026-02-10 21:01:22,AC_UNIT_001,22,26.83,22,40.53,994.16,72.41,351.39,100.0,Normal
2026-02-10 22:01:22,AC_UNIT_001,22.23,25.05,22,53.34,912.52,73.77,401.4,100.0,Normal
2026-02-10 23:01:22,AC_UNIT_001,23.48,24.79,23,41.75,935.42,69.66,352.24,100.0,Normal
2026-02-11 00:01:22,AC_UNIT_001,24,24.47,24,50.27,827.69,65.64,382.86,100.0,Normal
2026-02-11 01:01:22,AC_UNIT_001,22,26.84,22,48.38,812.55,68.28,380.62,100.0,Normal
2026-02-11 02:01:22,AC_UNIT_001,22.39,24.87,22,52.83,852.46,70.54,410.38,100.0,Normal
2026-02-11 03:01:22,AC_UNIT_001,22.24,26.25,22,45.52,1089.34,71.87,416.37,100.0,Normal
2026-02-11 04:01:22,AC_UNIT_001,24.41,24.94,24,42.43,1044.34,68.26,385.3,100.0,Normal
2026-02-11 05:01:22,AC_UNIT_001,23,25.52,23,40.59,932.24,65.78,371.33,100.0,Normal
2026-02-11 06:01:22,AC_UNIT_001,22,24.12,22,47.63,881.43,65.09,374.36,100.0,Normal
2026-02-11 07:01:22,AC_UNIT_001,23,25.32,23,44.34,820.96,69.52,406.82,100.0,Normal
2026-02-11 08:01:22,AC_UNIT_001,23,31.35,23,54.09,1252.65,68.63,379.6,100.0,Normal
2026-02-11 09:01:22,AC_UNIT_001,23,30.54,23,47.41,1099.98,72.72,410.71,100.0,Normal
2026-02-11 10:01:22,AC_UNIT_001,22.33,33.93,22,41.65,1294.14,65.02,398.65,100.0,Normal
2026-02-11 11:01:22,AC_UNIT_001,23,28.11,23,52.77,1089.85,69.0,377.23,100.0,Normal
2026-02-11 12:01:22,AC_UNIT_001,24.14,32.9,24,52.19,1279.89,74.37,360.03,100.0,Normal
2026-02-11 13:01:22,AC_UNIT_001,23.29,30.75,23,52.9,1343.55,66.51,417.7,100.0,Normal
2026-02-11 14:01:22,AC_UNIT_001,23,31.45,23,46.0,1333.9,71.2,390.82,100.0,Normal
2026-02-11 15:01:22,AC_UNIT_001,22,28.93,22,48.52,1290.02,65.5,376.45,100.0,Normal
2026-02-11 16:01:22,AC_UNIT_001,23.13,32.26,23,51.6,1015.86,65.38,419.29,100.0,Normal
2026-02-11 17:01:22,AC_UNIT_001,22.11,29.89,22,53.28,1163.7,73.54,388.23,100.0,Normal
2026-02-11 18:01:22,AC_UNIT_001,22,29.22,22,51.98,1009.45,65.72,364.67,100.0,Normal
2026-02-11 19:01:22,AC_UNIT_001,24,31.15,24,54.83,1361.4,74.62,407.15,100.0,Normal
2026-02-11 20:01:22,AC_UNIT_001,22,24.1,22,53.05,1027.47,68.28,354.0,100.0,Normal
2026-02-11 21:01:22,AC_UNIT_001,23.25,25.18,23,50.73,875.5,67.69,419.41,100.0,Normal
2026-02-11 22:01:22,AC_UNIT_001,23.39,25.61,23,49.94,877.94,67.77,367.74,100.0,Normal
2026-02-11 23:01:22,AC_UNIT_001,24.12,26.67,24,50.17,998.48,68.13,372.02,100.0,Normal
2026-02-12 00:01:22,AC_UNIT_001,23.33,26.23,23,54.12,1056.27,73.21,393.17,100.0,Normal
2026-02-12 01:01:22,AC_UNIT_001,23.44,24.72,23,40.79,887.56,65.29,385.4,100.0,Normal
2026-02-12 02:01:22,AC_UNIT_001,22,24.19,22,42.77,905.66,66.88,391.19,100.0,Normal
2026-02-12 03:01:22,AC_UNIT_001,22,26.53,22,52.23,904.51,70.39,383.58,100.0,Normal
2026-02-12 04:01:22,AC_UNIT_001,22,24.62,22,50.07,991.38,67.89,354.96,100.0,Normal
2026-02-12 05:01:22,AC_UNIT_001,22,25.51,22,43.96,801.36,72.64,356.37,100.0,Normal
2026-02-12 06:01:22,AC_UNIT_001,22.15,26.58,22,42.6,1015.42,71.9,350.11,100.0,Normal
2026-02-12 07:01:22,AC_UNIT_001,23.0,24.97,23,42.43,899.57,69.18,362.35,100.0,Normal
2026-02-12 08:01:22,AC_UNIT_001,24,33.67,24,45.24,1214.49,70.52,405.75,100.0,Normal
2026-02-12 09:01:22,AC_UNIT_001,22.43,30.7,22,43.28,1007.42,73.84,395.86,100.0,Normal
2026-02-12 10:01:22,AC_UNIT_001,23.2,29.75,23,44.96,1363.15,66.97,385.47,100.0,Normal
2026-02-12 11:01:22,AC_UNIT_001,22.43,32.15,22,49.68,1347.27,71.82,397.96,100.0,Normal
2026-02-12 12:01:22,AC_UNIT_001,22.13,33.69,22,49.41,1218.08,71.75,413.83,100.0,Normal
2026-02-12 13:01:22,AC_UNIT_001,24,33.41,24,52.39,1233.58,73.92,394.22,100.0,Normal
2026-02-12 14:01:22,AC_UNIT_001,22.02,33.02,22,41.89,1263.97,70.3,380.65,100.0,Normal
2026-02-12 15:01:22,AC_UNIT_001,23,33.88,23,47.36,1372.76,70.47,417.14,100.0,Normal
2026-02-12 16:01:22,AC_UNIT_001,23.17,32.49,23,47.99,1157.81,67.1,354.52,100.0,Normal
2026-02-12 17:01:22,AC_UNIT_001,22,30.88,22,47.51,1281.21,68.93,367.05,100.0,Normal
2026-02-12 18:01:22,AC_UNIT_001,24.43,32.36,24,51.33,1389.92,68.79,395.24,100.0,Normal
2026-02-12 19:01:22,AC_UNIT_001,23.45,29.26,23,40.69,1234.45,72.15,415.64,100.0,Normal
2026-02-12 20:01:22,AC_UNIT_001,23.37,26.08,23,47.02,823.81,70.67,402.91,100.0,Normal
2026-02-12 21:01:22,AC_UNIT_001,24.03,24.64,24,44.25,1038.14,73.99,364.56,100.0,Normal
2026-02-12 22:01:22,AC_UNIT_001,22.13,26.45,22,47.23,1062.7,69.28,409.08,100.0,Normal
2026-02-12 23:01:22,AC_UNIT_001,24.41,25.2,24,52.42,969.99,66.08,399.33,100.0,Normal
2026-02-13 00:01:22,AC_UNIT_001,24.14,26.74,24,54.44,855.42,65.47,379.21,100.0,Normal
2026-02-13 01:01:22,AC_UNIT_001,23,24.44,23,51.39,1097.5,65.73,351.13,100.0,Normal
2026-02-13 02:01:22,AC_UNIT_001,24,26.42,24,47.07,869.81,72.44,358.37,100.0,Normal
2026-02-13 03:01:22,AC_UNIT_001,24.14,26.11,24,51.17,963.95,72.37,393.69,100.0,Normal
2026-02-13 04:01:22,AC_UNIT_001,23.28,25.61,23,52.79,983.16,70.73,358.15,100.0,Normal
2026-02-13 05:01:22,AC_UNIT_001,23.4,26.7,23,41.78,1072.99,68.36,417.1,100.0,Normal
2026-02-13 06:01:22,AC_UNIT_001,24,24.82,24,44.41,989.24,72.81,366.19,100.0,Normal
2026-02-13 07:01:22,AC_UNIT_001,24,27.0,24,50.76,933.18,68.91,383.96,100.0,Normal
2026-02-13 08:01:22,AC_UNIT_001,22,32.3,22,52.5,1142.58,72.21,358.07,100.0,Normal
2026-02-13 09:01:22,AC_UNIT_001,24.32,30.22,24,40.36,1318.13,70.13,381.41,100.0,Normal
2026-02-13 10:01:22,AC_UNIT_001,23.21,29.26,23,49.89,1056.89,71.05,356.39,100.0,Normal
2026-02-13 11:01:22,AC_UNIT_001,24,31.38,24,45.19,1336.01,72.06,380.56,100.0,Normal
2026-02-13 12:01:22,AC_UNIT_001,24,33.22,24,54.93,1205.79,69.32,400.42,100.0,Normal
2026-02-13 13:01:22,AC_UNIT_001,24.04,31.34,24,49.12,1321.78,66.56,372.03,100.0,Normal
2026-02-13 14:01:22,AC_UNIT_001,23.1,33.67,23,40.17,1150.38,71.54,378.58,100.0,Normal
2026-02-13 15:01:22,AC_UNIT_001,24,30.03,24,43.23,1358.68,73.3,381.88,100.0,Normal
2026-02-13 16:01:22,AC_UNIT_001,24,29.02,24,46.26,1279.54,74.54,376.36,100.0,Normal
2026-02-13 17:01:22,AC_UNIT_001,24,29.8,24,40.39,1146.13,71.84,384.88,100.0,Normal
2026-02-13 18:01:22,AC_UNIT_001,22.24,29.55,22,45.39,1056.22,69.35,375.76,100.0,Normal
2026-02-13 19:01:22,AC_UNIT_001,22.35,29.93,22,41.82,1159.65,65.13,369.36,100.0,Normal
2026-02-13 20:01:22,AC_UNIT_001,22,26.98,22,48.01,853.08,67.09,390.28,100.0,Normal
2026-02-13 21:01:22,AC_UNIT_001,22.08,26.3,22,41.04,844.14,67.77,375.81,100.0,Normal
2026-02-13 22:01:22,AC_UNIT_001,24,24.52,24,45.46,1068.57,66.24,383.57,100.0,Normal
2026-02-13 23:01:22,AC_UNIT_001,22,26.53,22,53.31,819.54,73.24,357.79,100.0,Normal
2026-02-14 00:01:22,AC_UNIT_001,23,26.48,23,53.39,966.29,65.06,366.13,100.0,Normal
2026-02-14 01:01:22,AC_UNIT_001,22,26.89,22,50.78,1049.93,70.36,388.2,100.0,Normal
2026-02-14 02:01:22,AC_UNIT_001,24,25.4,24,42.72,1091.82,66.17,378.06,100.0,Normal
2026-02-14 03:01:22,AC_UNIT_001,22,25.21,22,50.75,822.68,74.67,402.7,100.0,Normal
2026-02-14 04:01:22,AC_UNIT_001,22,25.8,22,49.58,1097.45,66.78,388.64,100.0,Normal
2026-02-14 05:01:22,AC_UNIT_001,23,24.7,23,42.23,1055.12,67.59,405.81,100.0,Normal
2026-02-14 06:01:22,AC_UNIT_001,22.4,24.34,22,40.33,1005.87,69.57,381.92,100.0,Normal
2026-02-14 07:01:22,AC_UNIT_001,23,24.89,23,43.98,1075.66,69.74,389.03,100.0,Normal
2026-02-14 08:01:22,AC_UNIT_001,22,32.91,22,47.66,1335.77,69.58,399.82,100.0,Normal
2026-02-14 09:01:22,AC_UNIT_001,22.14,30.41,22,54.81,1276.54,70.8,382.3,100.0,Normal
2026-02-14 10:01:22,AC_UNIT_001,22,29.65,22,48.0,1321.3,70.01,372.46,100.0,Normal
2026-02-14 11:01:22,AC_UNIT_001,24,32.58,24,44.43,1287.1,65.64,376.63,100.0,Normal
2026-02-14 12:01:22,AC_UNIT_001,22.32,29.07,22,54.88,1215.47,65.17,370.8,100.0,Normal
2026-02-14 13:01:22,AC_UNIT_001,24.02,31.9,24,48.75,1082.75,73.88,353.96,100.0,Normal
2026-02-14 14:01:22,AC_UNIT_001,23,31.63,23,45.51,1223.52,65.38,400.78,100.0,Normal
2026-02-14 15:01:22,AC_UNIT_001,23.32,29.99,23,51.09,1353.73,67.81,354.93,100.0,Normal
2026-02-14 16:01:22,AC_UNIT_001,24.04,33.55,24,45.35,1032.81,74.95,383.75,100.0,Normal
2026-02-14 17:01:22,AC_UNIT_001,24.08,32.06,24,53.7,1214.48,66.82,355.89,100.0,Normal
2026-02-14 18:01:22,AC_UNIT_001,24.45,29.83,24,44.89,1230.44,68.56,414.24,100.0,Normal
2026-02-14 19:01:22,AC_UNIT_001,24,32.24,24,41.62,1377.35,74.83,379.2,100.0,Normal
2026-02-14 20:01:22,AC_UNIT_001,24.14,24.9,24,49.93,999.99,66.82,402.61,100.0,Normal
2026-02-14 21:01:22,AC_UNIT_001,22.43,26.51,22,53.4,922.3,70.18,385.26,100.0,Normal
2026-02-14 22:01:22,AC_UNIT_001,24,26.66,24,54.52,1056.58,66.7,364.14,100.0,Normal
2026-02-14 23:01:22,AC_UNIT_001,22,24.18,22,49.38,1099.23,73.77,411.55,100.0,Normal
2026-02-15 00:01:22,AC_UNIT_001,22.24,26.87,22,47.03,937.16,72.34,392.92,100.0,Normal
2026-02-15 01:01:22,AC_UNIT_001,22,26.5,22,45.04,877.64,68.9,375.4,100.0,Normal
2026-02-15 02:01:22,AC_UNIT_001,22,26.02,22,53.7,1022.67,74.86,380.1,100.0,Normal
2026-02-15 03:01:22,AC_UNIT_001,22,24.33,22,54.98,828.53,72.37,417.5,100.0,Normal
2026-02-15 04:01:22,AC_UNIT_001,22,26.78,22,47.46,1097.85,68.2,397.1,100.0,Normal
2026-02-15 05:01:22,AC_UNIT_001,23.35,24.97,23,46.67,909.41,73.36,399.92,100.0,Normal
2026-02-15 06:01:22,AC_UNIT_001,22,25.21,22,53.84,964.59,72.99,374.47,100.0,Normal
2026-02-15 07:01:22,AC_UNIT_001,23.35,26.49,23,42.31,869.77,66.49,412.86,100.0,Normal
2026-02-15 08:01:22,AC_UNIT_001,23.14,32.28,23,40.54,1398.9,67.61,356.57,100.0,Normal
2026-02-15 09:01:22,AC_UNIT_001,23.05,31.68,23,48.2,1045.45,73.06,359.8,100.0,Normal
2026-02-15 10:01:22,AC_UNIT_001,22.06,32.03,22,40.11,1166.69,66.42,387.96,100.0,Normal
2026-02-15 11:01:22,AC_UNIT_001,22.25,32.4,22,53.55,1200.52,65.76,416.17,100.0,Normal
2026-02-15 12:01:22,AC_UNIT_001,23,28.05,23,40.41,1331.08,69.62,352.67,100.0,Normal
2026-02-15 13:01:22,AC_UNIT_001,23,29.95,23,50.46,1207.5,74.03,384.18,100.0,Normal
2026-02-15 14:01:22,AC_UNIT_001,24,32.62,24,41.06,1255.67,74.37,392.61,100.0,Normal
2026-02-15 15:01:22,AC_UNIT_001,22,30.77,22,44.23,1263.81,73.69,419.03,100.0,Normal
2026-02-15 16:01:22,AC_UNIT_001,22,29.49,22,45.58,1029.7,69.52,359.34,100.0,Normal
2026-02-15 17:01:22,AC_UNIT_001,24,33.48,24,54.13,1295.92,69.19,373.17,100.0,Normal
2026-02-15 18:01:22,AC_UNIT_001,22.45,31.67,22,44.96,1319.15,73.42,354.63,100.0,Normal
2026-02-15 19:01:22,AC_UNIT_001,23.16,33.9,23,43.38,1056.78,71.04,386.76,100.0,Normal
2026-02-15 20:01:22,AC_UNIT_001,23.36,24.04,23,49.14,998.28,65.68,361.06,100.0,Normal
2026-02-15 21:01:22,AC_UNIT_001,23,24.9,23,52.1,1060.58,68.29,388.61,100.0,Normal
2026-02-15 22:01:22,AC_UNIT_001,22.39,25.16,22,40.05,1023.49,71.03,412.29,100.0,Normal
2026-02-15 23:01:22,AC_UNIT_001,24.33,24.13,24,44.86,1080.31,66.08,388.04,100.0,Normal
2026-02-16 00:01:22,AC_UNIT_001,23.42,24.13,23,51.27,1069.29,65.68,381.7,100.0,Normal
2026-02-16 01:01:22,AC_UNIT_001,24.06,26.64,24,47.58,936.97,74.46,372.11,100.0,Normal
2026-02-16 02:01:22,AC_UNIT_001,22.38,24.98,22,45.1,1025.36,71.87,355.1,100.0,Normal
2026-02-16 03:01:22,AC_UNIT_001,24.24,26.64,24,42.43,814.6,69.17,374.57,100.0,Normal
2026-02-16 04:01:22,AC_UNIT_001,22,24.05,22,44.74,1050.46,67.89,413.81,100.0,Normal
2026-02-16 05:01:22,AC_UNIT_001,24,24.71,24,49.52,1088.86,72.25,351.19,100.0,Normal
2026-02-16 06:01:22,AC_UNIT_001,23,25.01,23,41.09,979.74,70.96,356.91,100.0,Normal
2026-02-16 07:01:22,AC_UNIT_001,23.44,25.92,23,47.65,983.24,73.77,419.6,100.0,Normal
2026-02-16 08:01:22,AC_UNIT_001,24,28.07,24,50.5,1010.77,68.39,362.57,100.0,Normal
2026-02-16 09:01:22,AC_UNIT_001,23.02,29.39,23,49.7,1399.38,74.3,375.2,100.0,Normal
2026-02-16 10:01:22,AC_UNIT_001,22.19,28.13,22,40.72,1254.21,72.83,359.53,100.0,Normal
2026-02-16 11:01:22,AC_UNIT_001,22,32.12,22,47.33,1036.54,68.48,366.79,100.0,Normal
2026-02-16 12:01:22,AC_UNIT_001,22.49,31.25,22,53.91,1099.26,71.57,405.68,100.0,Normal
2026-02-16 13:01:22,AC_UNIT_001,23.42,32.25,23,41.03,1209.65,66.46,385.55,100.0,Normal
2026-02-16 14:01:22,AC_UNIT_001,22,32.01,22,48.46,1010.71,69.97,387.4,100.0,Normal
2026-02-16 15:01:22,AC_UNIT_001,22,30.04,22,48.15,1313.01,68.27,406.23,100.0,Normal
2026-02-16 16:01:22,AC_UNIT_001,23,28.15,23,50.94,1196.51,68.0,380.6,100.0,Normal
2026-02-16 17:01:22,AC_UNIT_001,22,32.94,22,41.64,1106.41,72.58,374.82,100.0,Normal
2026-02-16 18:01:22,AC_UNIT_001,22,29.53,22,48.8,1029.15,72.58,365.3,100.0,Normal
2026-02-16 19:01:22,AC_UNIT_001,24.36,30.57,24,47.19,1111.24,72.42,396.56,100.0,Normal
2026-02-16 20:01:22,AC_UNIT_001,22.45,24.07,22,51.66,817.7,65.57,367.76,100.0,Normal
2026-02-16 21:01:22,AC_UNIT_001,22,25.36,22,48.4,850.01,70.2,357.83,100.0,Normal
2026-02-16 22:01:22,AC_UNIT_001,23,25.48,23,53.62,1050.65,71.54,353.06,100.0,Normal
2026-02-16 23:01:22,AC_UNIT_001,24,25.96,24,50.8,950.89,67.71,414.44,100.0,Normal
2026-02-17 00:01:22,AC_UNIT_001,23,24.18,23,43.79,1050.14,68.37,369.31,100.0,Normal
2026-02-17 01:01:22,AC_UNIT_001,23.4,25.91,23,54.66,970.96,74.45,375.64,100.0,Normal
2026-02-17 02:01:22,AC_UNIT_001,23.36,25.77,23,53.98,822.71,68.55,404.27,100.0,Normal
2026-02-17 03:01:22,AC_UNIT_001,24,24.88,24,41.52,1079.92,74.62,377.92,100.0,Normal
2026-02-17 04:01:22,AC_UNIT_001,23.28,25.55,23,47.37,1074.72,74.3,363.32,100.0,Normal
2026-02-17 05:01:22,AC_UNIT_001,22.12,25.1,22,54.24,902.4,71.44,375.73,100.0,Normal
2026-02-17 06:01:22,AC_UNIT_001,22.39,26.84,22,46.4,839.99,65.43,381.06,100.0,Normal
2026-02-17 07:01:22,AC_UNIT_001,23.21,24.82,23,44.8,848.66,71.1,351.6,100.0,Normal
2026-02-17 08:01:22,AC_UNIT_001,23,33.48,23,49.32,1009.12,66.98,367.39,100.0,Normal
2026-02-17 09:01:22,AC_UNIT_001,23.13,28.96,23,46.37,1396.66,67.23,387.37,100.0,Normal
2026-02-17 10:01:22,AC_UNIT_001,23,31.38,23,51.69,1374.87,70.29,418.14,100.0,Normal
2026-02-17 11:01:22,AC_UNIT_001,24.43,30.67,24,52.57,1196.12,70.77,399.79,100.0,Normal
2026-02-17 12:01:22,AC_UNIT_001,24.43,30.92,24,44.24,1059.43,69.48,382.46,100.0,Normal
2026-02-17 13:01:22,AC_UNIT_001,24.0,33.98,24,52.1,1394.47,73.01,366.34,100.0,Normal
2026-02-17 14:01:22,AC_UNIT_001,22,33.64,22,54.35,1265.24,67.13,394.42,100.0,Normal
2026-02-17 15:01:22,AC_UNIT_001,24.28,29.5,24,43.69,1326.7,71.22,415.57,100.0,Normal
2026-02-17 16:01:22,AC_UNIT_001,24.15,31.11,24,54.13,1327.19,70.1,359.63,100.0,Normal
2026-02-17 17:01:22,AC_UNIT_001,24.46,33.64,24,41.74,1029.41,65.85,352.69,100.0,Normal
2026-02-17 18:01:22,AC_UNIT_001,23,29.01,23,40.15,1243.8,72.44,359.33,100.0,Normal
2026-02-17 19:01:22,AC_UNIT_001,22,30.19,22,44.17,1053.98,71.61,400.35,100.0,Normal
2026-02-17 20:01:22,AC_UNIT_001,23,26.95,23,53.53,977.12,69.28,360.69,100.0,Normal
2026-02-17 21:01:22,AC_UNIT_001,24,25.06,24,47.41,926.47,70.11,414.01,100.0,Normal
2026-02-17 22:01:22,AC_UNIT_001,22,25.05,22,48.17,807.92,69.49,384.09,100.0,Normal
2026-02-17 23:01:22,AC_UNIT_001,22,24.67,22,52.09,978.07,71.79,360.93,100.0,Normal
2026-02-18 00:01:22,AC_UNIT_001,23.28,26.63,23,42.37,1061.14,70.34,391.81,100.0,Normal
2026-02-18 01:01:22,AC_UNIT_001,23,26.41,23,44.73,891.23,73.63,383.2,100.0,Normal
2026-02-18 02:01:22,AC_UNIT_001,23,25.36,23,54.06,946.69,70.3,367.04,100.0,Normal
2026-02-18 03:01:22,AC_UNIT_001,24.29,26.15,24,49.23,890.16,68.51,385.12,100.0,Normal
2026-02-18 04:01:22,AC_UNIT_001,24.24,26.01,24,51.26,949.4,70.02,390.74,100.0,Normal
2026-02-18 05:01:22,AC_UNIT_001,22,26.95,22,47.75,913.87,74.15,399.09,100.0,Normal
2026-02-18 06:01:22,AC_UNIT_001,22,25.07,22,43.25,829.4,73.93,353.56,100.0,Normal
2026-02-18 07:01:22,AC_UNIT_001,24,25.92,24,47.45,812.3,73.48,391.16,100.0,Normal
2026-02-18 08:01:22,AC_UNIT_001,22.08,30.26,22,40.83,1088.65,69.65,378.62,100.0,Normal
2026-02-18 09:01:22,AC_UNIT_001,23.39,33.03,23,52.83,1269.54,73.56,374.03,100.0,Normal
2026-02-18 10:01:22,AC_UNIT_001,22.19,28.21,22,46.14,1103.76,71.21,397.11,100.0,Normal
2026-02-18 11:01:22,AC_UNIT_001,24,30.33,24,51.12,1027.16,71.02,413.64,100.0,Normal
2026-02-18 12:01:22,AC_UNIT_001,24.09,28.3,24,54.31,1220.62,66.7,396.04,100.0,Normal
2026-02-18 13:01:22,AC_UNIT_001,24,33.99,24,51.16,1092.74,65.38,403.29,100.0,Normal
2026-02-18 14:01:22,AC_UNIT_001,23.2,29.5,23,40.87,1029.58,69.33,376.49,100.0,Normal
2026-02-18 15:01:22,AC_UNIT_001,24.04,30.68,24,45.29,1396.65,72.76,412.64,100.0,Normal
2026-02-18 16:01:22,AC_UNIT_001,22.42,31.16,22,50.22,1235.43,69.35,403.86,100.0,Normal
2026-02-18 17:01:22,AC_UNIT_001,23.04,29.75,23,42.66,1053.04,72.85,416.93,100.0,Normal
2026-02-18 18:01:22,AC_UNIT_001,23,28.55,23,44.48,1264.68,71.0,355.58,100.0,Normal
2026-02-18 19:01:22,AC_UNIT_001,24.27,32.13,24,52.6,1317.24,69.96,405.94,100.0,Normal
2026-02-18 20:01:22,AC_UNIT_001,24.09,24.91,24,44.03,1026.97,71.87,378.19,100.0,Normal
2026-02-18 21:01:22,AC_UNIT_001,23.07,24.98,23,53.46,926.39,70.27,360.98,100.0,Normal
2026-02-18 22:01:22,AC_UNIT_001,22.32,26.58,22,53.59,1054.85,68.43,395.75,100.0,Normal
2026-02-18 23:01:22,AC_UNIT_001,22,26.88,22,43.05,1014.17,73.91,392.95,100.0,Normal
2026-02-19 00:01:22,AC_UNIT_001,22.23,26.85,22,50.59,838.97,71.28,363.07,100.0,Normal
2026-02-19 01:01:22,AC_UNIT_001,24,26.82,24,43.05,880.3,67.84,389.31,100.0,Normal
2026-02-19 02:01:22,AC_UNIT_001,23,24.38,23,43.14,822.09,71.73,351.12,100.0,Normal
2026-02-19 03:01:22,AC_UNIT_001,24.18,25.37,24,54.85,863.51,74.61,402.74,100.0,Normal
2026-02-19 04:01:22,AC_UNIT_001,24.03,24.41,24,50.06,993.59,67.52,418.13,100.0,Normal
2026-02-19 05:01:22,AC_UNIT_001,22.24,24.7,22,52.59,1032.61,65.62,363.85,100.0,Normal
2026-02-19 06:01:22,AC_UNIT_001,23.16,25.86,23,45.31,849.38,71.76,386.16,100.0,Normal
2026-02-19 07:01:22,AC_UNIT_001,24,26.7,24,44.1,1036.9,74.43,386.29,100.0,Normal
2026-02-19 08:01:22,AC_UNIT_001,24,28.35,24,53.82,1360.98,67.78,368.57,100.0,Normal
2026-02-19 09:01:22,AC_UNIT_001,22,31.97,22,49.0,1319.37,65.78,360.49,100.0,Normal
2026-02-19 10:01:22,AC_UNIT_001,23.28,33.42,23,49.55,1202.74,66.08,398.34,100.0,Normal
2026-02-19 11:01:22,AC_UNIT_001,24,33.57,24,52.94,1217.1,74.26,365.55,100.0,Normal
2026-02-19 12:01:22,AC_UNIT_001,24,28.56,24,51.25,1293.32,68.1,400.44,100.0,Normal
2026-02-19 13:01:22,AC_UNIT_001,23,28.33,23,50.35,1195.39,73.92,371.84,100.0,Normal
2026-02-19 14:01:22,AC_UNIT_001,24,29.72,24,53.26,1210.33,68.77,394.75,100.0,Normal
2026-02-19 15:01:22,AC_UNIT_001,22,28.66,22,44.27,1372.55,67.44,401.9,100.0,Normal
2026-02-19 16:01:22,AC_UNIT_001,23,29.05,23,40.71,1001.46,69.88,407.55,100.0,Normal
2026-02-19 17:01:22,AC_UNIT_001,24,32.5,24,54.77,1366.66,73.25,396.45,100.0,Normal
2026-02-19 18:01:22,AC_UNIT_001,24,28.07,24,52.35,1239.14,65.92,376.68,100.0,Normal
2026-02-19 19:01:22,AC_UNIT_001,23.11,28.52,23,50.59,1141.29,72.49,415.19,100.0,Normal
2026-02-19 20:01:22,AC_UNIT_001,23,26.4,23,42.34,1047.89,68.53,412.39,100.0,Normal
2026-02-19 21:01:22,AC_UNIT_001,24.17,25.36,24,50.29,984.84,73.57,419.48,100.0,Normal
2026-02-19 22:01:22,AC_UNIT_001,23.04,25.0,23,52.63,936.62,65.17,413.53,100.0,Normal
2026-02-19 23:01:22,AC_UNIT_001,23,25.06,23,54.36,1030.58,68.09,388.43,100.0,Normal
2026-02-20 00:01:22,AC_UNIT_001,23.3,26.71,23,50.23,1078.05,68.86,375.8,100.0,Normal
2026-02-20 01:01:22,AC_UNIT_001,23,25.75,23,47.23,1039.06,72.05,388.21,100.0,Normal
2026-02-20 02:01:22,AC_UNIT_001,23,26.12,23,42.97,1058.09,66.13,402.97,100.0,Normal
2026-02-20 03:01:22,AC_UNIT_001,24.16,24.09,24,45.51,1082.0,74.93,397.88,100.0,Normal
2026-02-20 04:01:22,AC_UNIT_001,23,26.53,23,43.24,814.69,67.47,419.58,100.0,Normal
2026-02-20 05:01:22,AC_UNIT_001,23,26.14,23,41.03,895.68,66.7,387.0,100.0,Normal
2026-02-20 06:01:22,AC_UNIT_001,22,25.01,22,53.43,869.58,74.65,375.83,100.0,Normal
2026-02-20 07:01:22,AC_UNIT_001,24,24.67,24,49.06,1047.7,74.07,362.54,100.0,Normal
2026-02-20 08:01:22,AC_UNIT_001,23,32.35,23,41.11,1090.24,70.6,366.92,100.0,Normal
2026-02-20 09:01:22,AC_UNIT_001,23,32.07,23,52.78,1233.44,66.37,407.22,100.0,Normal
2026-02-20 10:01:22,AC_UNIT_001,24,30.05,24,53.18,1112.83,72.1,357.71,100.0,Normal
2026-02-20 11:01:22,AC_UNIT_001,24,33.96,24,40.25,1208.43,67.75,369.61,100.0,Normal
2026-02-20 12:01:22,AC_UNIT_001,22.15,30.22,22,49.76,1003.54,71.8,376.54,100.0,Normal
2026-02-20 13:01:22,AC_UNIT_001,22,33.56,22,41.74,1063.98,71.02,350.1,100.0,Normal
2026-02-20 14:01:22,AC_UNIT_001,23,29.44,23,50.58,1260.91,68.3,394.72,100.0,Normal
2026-02-20 15:01:22,AC_UNIT_001,23,32.78,23,45.09,1047.54,71.36,404.58,100.0,Normal
2026-02-20 16:01:22,AC_UNIT_001,23.33,33.01,23,50.43,1091.53,69.23,395.21,100.0,Normal
2026-02-20 17:01:22,AC_UNIT_001,23,28.88,23,41.42,1104.16,70.38,397.95,100.0,Normal
2026-02-20 18:01:22,AC_UNIT_001,22.2,33.51,22,40.24,1175.77,68.3,364.87,100.0,Normal
2026-02-20 19:01:22,AC_UNIT_001,23,30.51,23,48.0,1090.11,69.87,386.91,100.0,Normal
2026-02-20 20:01:22,AC_UNIT_001,23.04,24.86,23,40.9,973.27,66.32,398.14,100.0,Normal
2026-02-20 21:01:22,AC_UNIT_001,22.03,26.07,22,51.43,953.95,69.24,366.95,100.0,Normal
2026-02-20 22:01:22,AC_UNIT_001,24.49,24.42,24,54.46,1002.15,68.45,389.06,100.0,Normal
2026-02-20 23:01:22,AC_UNIT_001,22,24.01,22,47.41,816.16,69.6,358.24,100.0,Normal
2026-02-21 00:01:22,AC_UNIT_001,22,24.07,22,52.69,946.48,70.62,397.43,100.0,Normal
2026-02-21 01:01:22,AC_UNIT_001,24,26.63,24,51.73,1084.92,67.37,402.47,100.0,Normal
2026-02-21 02:01:22,AC_UNIT_001,24,24.42,24,44.98,984.06,69.66,380.43,100.0,Normal
2026-02-21 03:01:22,AC_UNIT_001,22.34,25.03,22,50.28,814.13,70.08,364.66,100.0,Normal
2026-02-21 04:01:22,AC_UNIT_001,22,24.21,22,51.41,984.37,71.88,358.53,100.0,Normal
2026-02-21 05:01:22,AC_UNIT_001,22.47,24.24,22,44.91,806.52,74.96,353.84,100.0,Normal
2026-02-21 06:01:22,AC_UNIT_001,22.47,26.88,22,48.31,997.21,70.87,350.42,100.0,Normal
2026-02-21 07:01:22,AC_UNIT_001,22,26.93,22,50.02,1005.46,65.83,373.69,100.0,Normal
2026-02-21 08:01:22,AC_UNIT_001,24,29.3,24,42.4,1179.26,70.97,417.38,100.0,Normal
2026-02-21 09:01:22,AC_UNIT_001,24,31.42,24,48.13,1144.48,72.14,352.6,100.0,Normal
2026-02-21 10:01:22,AC_UNIT_001,23.13,30.75,23,54.11,1142.84,70.56,381.62,100.0,Normal
2026-02-21 11:01:22,AC_UNIT_001,22,31.16,22,52.8,1259.58,66.87,378.4,100.0,Normal
2026-02-21 12:01:22,AC_UNIT_001,24,33.81,24,49.81,1271.37,72.52,412.36,100.0,Normal
2026-02-21 13:01:22,AC_UNIT_001,23,31.45,23,48.08,1020.07,70.61,408.82,100.0,Normal
2026-02-21 14:01:22,AC_UNIT_001,22,33.76,22,53.26,1117.05,74.18,372.6,100.0,Normal
2026-02-21 15:01:22,AC_UNIT_001,22.03,33.77,22,41.76,1349.38,68.55,398.87,100.0,Normal
2026-02-21 16:01:22,AC_UNIT_001,23.18,30.1,23,52.46,1154.95,74.24,405.55,100.0,Normal
2026-02-21 17:01:22,AC_UNIT_001,23,30.97,23,41.28,1105.83,73.88,406.63,100.0,Normal
2026-02-21 18:01:22,AC_UNIT_001,22,30.06,22,48.28,1258.43,68.11,389.84,100.0,Normal
2026-02-21 19:01:22,AC_UNIT_001,24,30.74,24,49.33,1325.6,68.28,390.41,100.0,Normal
2026-02-21 20:01:22,AC_UNIT_001,22.46,25.72,22,49.79,1018.47,69.47,382.45,100.0,Normal
2026-02-21 21:01:22,AC_UNIT_001,23.48,25.67,23,51.23,1057.07,66.47,382.48,100.0,Normal
2026-02-21 22:01:22,AC_UNIT_001,22.22,26.81,22,53.64,994.48,67.98,367.19,100.0,Normal
2026-02-21 23:01:22,AC_UNIT_001,24,24.45,24,51.64,1087.46,74.14,408.14,100.0,Normal
2026-02-22 00:01:22,AC_UNIT_001,22.26,25.07,22,50.59,1054.86,69.33,370.48,100.0,Normal
2026-02-22 01:01:22,AC_UNIT_001,22,25.72,22,41.32,881.37,65.61,408.49,100.0,Normal
2026-02-22 02:01:22,AC_UNIT_001,23.48,24.62,23,49.21,897.65,72.58,377.0,100.0,Normal
2026-02-22 03:01:22,AC_UNIT_001,22.28,24.61,22,51.32,1014.31,68.29,364.85,100.0,Normal
2026-02-22 04:01:22,AC_UNIT_001,23.35,25.9,23,41.46,1084.89,67.39,363.6,100.0,Normal
2026-02-22 05:01:22,AC_UNIT_001,23,26.97,23,51.94,973.7,72.91,408.66,100.0,Normal
2026-02-22 06:01:22,AC_UNIT_001,22,26.71,22,44.84,1071.09,69.76,407.57,100.0,Normal
2026-02-22 07:01:22,AC_UNIT_001,22,26.53,22,46.15,1057.94,66.22,371.73,100.0,Normal
2026-02-22 08:01:22,AC_UNIT_001,23.02,33.51,23,54.31,1254.71,74.59,368.03,100.0,Normal
2026-02-22 09:01:22,AC_UNIT_001,24,28.05,24,45.88,1199.17,70.2,355.05,100.0,Normal
2026-02-22 10:01:22,AC_UNIT_001,24.37,28.43,24,40.33,1162.13,69.59,366.16,100.0,Normal
2026-02-22 11:01:22,AC_UNIT_001,22.2,29.84,22,53.19,1281.15,66.46,374.49,100.0,Normal
2026-02-22 12:01:22,AC_UNIT_001,22.12,29.77,22,49.31,1059.35,68.77,397.21,100.0,Normal
2026-02-22 13:01:22,AC_UNIT_001,22.09,31.71,22,42.24,1291.35,66.72,369.65,100.0,Normal
2026-02-22 14:01:22,AC_UNIT_001,24,29.34,24,42.67,1180.04,70.31,355.88,100.0,Normal
2026-02-22 15:01:22,AC_UNIT_001,24.11,28.63,24,45.06,1207.71,71.69,354.34,100.0,Normal
2026-02-22 16:01:22,AC_UNIT_001,24.44,33.53,24,42.24,1218.51,67.46,389.4,100.0,Normal
2026-02-22 17:01:22,AC_UNIT_001,24.21,32.3,24,43.03,1153.79,74.8,401.5,100.0,Normal
2026-02-22 18:01:22,AC_UNIT_001,24,30.57,24,44.47,1185.78,67.6,378.72,100.0,Normal
2026-02-22 19:01:22,AC_UNIT_001,22.35,30.21,22,49.62,1191.16,68.47,365.04,100.0,Normal
2026-02-22 20:01:22,AC_UNIT_001,22,26.18,22,44.52,814.31,65.22,374.33,100.0,Normal
2026-02-22 21:01:22,AC_UNIT_001,22,26.54,22,54.44,817.71,70.55,411.07,100.0,Normal
2026-02-22 22:01:22,AC_UNIT_001,22.07,24.49,22,51.7,1009.45,66.87,410.59,100.0,Normal
2026-02-22 23:01:22,AC_UNIT_001,22.17,26.38,22,42.19,954.7,74.85,399.48,100.0,Normal
2026-02-23 00:01:22,AC_UNIT_001,24,24.52,24,48.01,1028.89,65.64,388.17,100.0,Normal
2026-02-23 01:01:22,AC_UNIT_001,24.42,24.09,24,48.73,1072.16,73.1,402.76,100.0,Normal
2026-02-23 02:01:22,AC_UNIT_001,24.24,24.68,24,52.48,986.8,66.7,402.31,100.0,Normal
2026-02-23 03:01:22,AC_UNIT_001,23.11,24.1,23,52.26,875.9,70.82,365.66,100.0,Normal
2026-02-23 04:01:22,AC_UNIT_001,24,26.16,24,42.37,1063.85,72.1,373.85,100.0,Normal
2026-02-23 05:01:22,AC_UNIT_001,22,24.28,22,54.14,1057.87,67.76,361.76,100.0,Normal
2026-02-23 06:01:22,AC_UNIT_001,22,25.15,22,43.03,1047.98,70.96,351.64,100.0,Normal
2026-02-23 07:01:22,AC_UNIT_001,24.4,26.41,24,46.13,1067.17,70.06,409.02,100.0,Normal
2026-02-23 08:01:22,AC_UNIT_001,22,32.9,22,45.98,1252.62,73.8,413.33,100.0,Normal
2026-02-23 09:01:22,AC_UNIT_001,22,32.49,22,44.27,1364.74,70.58,389.42,100.0,Normal
2026-02-23 10:01:22,AC_UNIT_001,22,32.04,22,45.28,1203.84,69.46,384.21,100.0,Normal
2026-02-23 11:01:22,AC_UNIT_001,22,28.9,22,48.48,1348.7,71.74,400.66,100.0,Normal
2026-02-23 12:01:22,AC_UNIT_001,23,31.62,23,45.35,1058.09,74.54,355.84,100.0,Normal
2026-02-23 13:01:22,AC_UNIT_001,22,28.39,22,50.17,1013.38,72.08,350.71,100.0,Normal
2026-02-23 14:01:22,AC_UNIT_001,22,33.36,22,47.66,1218.65,66.37,408.56,100.0,Normal
2026-02-23 15:01:22,AC_UNIT_001,24,31.76,24,53.34,1354.49,69.84,413.72,100.0,Normal
2026-02-23 16:01:22,AC_UNIT_001,24.42,30.02,24,51.26,1201.72,66.21,381.61,100.0,Normal
2026-02-23 17:01:22,AC_UNIT_001,24.09,33.45,24,40.11,1147.98,69.23,392.36,100.0,Normal
2026-02-23 18:01:22,AC_UNIT_001,22,30.1,22,53.12,1345.05,68.53,390.97,100.0,Normal
2026-02-23 19:01:22,AC_UNIT_001,24,29.72,24,42.14,1369.1,74.15,412.23,100.0,Normal
2026-02-23 20:01:22,AC_UNIT_001,22.12,24.41,22,40.5,986.08,73.71,366.23,100.0,Normal
2026-02-23 21:01:22,AC_UNIT_001,24.1,26.17,24,40.47,831.22,68.95,361.05,100.0,Normal
2026-02-23 22:01:22,AC_UNIT_001,23.11,26.16,23,42.43,1042.16,71.22,351.25,100.0,Normal
2026-02-23 23:01:22,AC_UNIT_001,22,24.06,22,43.08,863.66,72.97,413.09,100.0,Normal
2026-02-24 00:01:22,AC_UNIT_001,24.13,25.82,24,51.01,1052.73,72.24,398.34,100.0,Normal
2026-02-24 01:01:22,AC_UNIT_001,23.11,24.82,23,53.74,1036.36,71.49,379.21,100.0,Normal
2026-02-24 02:01:22,AC_UNIT_001,24,26.74,24,50.04,818.66,66.6,389.58,100.0,Normal
2026-02-24 03:01:22,AC_UNIT_001,24,24.99,24,50.23,1026.0,66.32,361.18,100.0,Normal
2026-02-24 04:01:22,AC_UNIT_001,22.49,25.1,22,49.46,912.59,72.97,415.43,100.0,Normal
2026-02-24 05:01:22,AC_UNIT_001,23.2,25.13,23,50.24,855.55,74.7,373.11,100.0,Normal
2026-02-24 06:01:22,AC_UNIT_001,22,26.52,22,45.14,947.77,66.78,364.08,100.0,Normal
2026-02-24 07:01:22,AC_UNIT_001,22,25.49,22,45.94,879.23,66.04,357.42,100.0,Normal
2026-02-24 08:01:22,AC_UNIT_001,24.37,28.71,24,51.46,1377.1,66.19,373.05,100.0,Normal
2026-02-24 09:01:22,AC_UNIT_001,22.3,28.94,22,41.53,1141.12,74.53,382.2,100.0,Normal
2026-02-24 10:01:22,AC_UNIT_001,22.37,28.84,22,47.43,1233.25,71.2,367.89,100.0,Normal
2026-02-24 11:01:22,AC_UNIT_001,23.23,30.53,23,45.98,1032.38,73.28,409.64,100.0,Normal
2026-02-24 12:01:22,AC_UNIT_001,23,28.81,23,50.27,1296.59,73.52,399.89,100.0,Normal
2026-02-24 13:01:22,AC_UNIT_001,22,28.29,22,51.22,1298.37,73.91,363.8,100.0,Normal
2026-02-24 14:01:22,AC_UNIT_001,23.27,28.05,23,49.4,1206.48,67.8,390.07,100.0,Normal
2026-02-24 15:01:22,AC_UNIT_001,23.46,30.56,23,45.85,1047.18,66.39,385.37,100.0,Normal
2026-02-24 16:01:22,AC_UNIT_001,22.31,33.37,22,46.39,1006.84,65.19,381.34,100.0,Normal
2026-02-24 17:01:22,AC_UNIT_001,22.17,29.76,22,48.72,1093.45,65.23,372.43,100.0,Normal
2026-02-24 18:01:22,AC_UNIT_001,23,28.31,23,48.91,1120.55,72.41,384.95,100.0,Normal
2026-02-24 19:01:22,AC_UNIT_001,24,30.6,24,54.65,1184.81,72.7,407.0,100.0,Normal
2026-02-24 20:01:22,AC_UNIT_001,24.26,26.77,24,54.54,925.69,68.35,363.25,100.0,Normal
2026-02-24 21:01:22,AC_UNIT_001,24.19,26.05,24,53.42,1060.11,69.71,392.8,100.0,Normal
2026-02-24 22:01:22,AC_UNIT_001,23,25.43,23,47.66,911.14,70.28,398.46,100.0,Normal
2026-02-24 23:01:22,AC_UNIT_001,22.37,26.97,22,47.34,827.51,72.38,392.08,100.0,Normal
2026-02-25 00:01:22,AC_UNIT_001,23.04,24.93,23,47.35,810.1,65.6,417.64,100.0,Normal
2026-02-25 01:01:22,AC_UNIT_001,22.28,24.82,22,54.85,1084.44,72.47,397.41,100.0,Normal
2026-02-25 02:01:22,AC_UNIT_001,22,26.43,22,54.74,982.1,73.59,417.12,100.0,Normal
2026-02-25 03:01:22,AC_UNIT_001,23,26.35,23,46.52,993.69,67.47,418.45,100.0,Normal
2026-02-25 04:01:22,AC_UNIT_001,24,24.96,24,52.79,1061.26,69.09,363.47,100.0,Normal
2026-02-25 05:01:22,AC_UNIT_001,23,24.56,23,48.78,1081.58,65.65,368.8,100.0,Normal
2026-02-25 06:01:22,AC_UNIT_001,23,26.51,23,50.12,854.59,74.85,380.75,100.0,Normal
2026-02-25 07:01:22,AC_UNIT_001,23,26.05,23,50.27,942.79,65.41,400.59,100.0,Normal
2026-02-25 08:01:22,AC_UNIT_001,23,28.37,23,42.61,1276.43,69.7,409.68,100.0,Normal
2026-02-25 09:01:22,AC_UNIT_001,23,33.93,23,53.68,1367.04,73.81,408.69,100.0,Normal
2026-02-25 10:01:22,AC_UNIT_001,24.17,31.83,24,47.83,1395.7,68.66,405.77,100.0,Normal
2026-02-25 11:01:22,AC_UNIT_001,22,30.73,22,47.08,1229.53,74.35,377.18,100.0,Normal
2026-02-25 12:01:22,AC_UNIT_001,24.28,31.62,24,51.15,1373.79,66.97,399.85,100.0,Normal
2026-02-25 13:01:22,AC_UNIT_001,24.14,30.58,24,42.32,1113.48,71.69,373.44,100.0,Normal
2026-02-25 14:01:22,AC_UNIT_001,23.25,28.42,23,41.5,1076.63,70.14,352.53,100.0,Normal
2026-02-25 15:01:22,AC_UNIT_001,23.07,31.02,23,40.74,1314.64,72.75,375.67,100.0,Normal
2026-02-25 16:01:22,AC_UNIT_001,22.35,31.31,22,44.74,1211.39,72.54,356.37,100.0,Normal
2026-02-25 17:01:22,AC_UNIT_001,22.16,30.19,22,43.08,1057.95,74.45,360.95,100.0,Normal
2026-02-25 18:01:22,AC_UNIT_001,22.22,29.87,22,43.63,1161.89,73.78,395.2,100.0,Normal
2026-02-25 19:01:22,AC_UNIT_001,24.21,30.29,24,48.25,1210.82,66.66,355.29,100.0,Normal
2026-02-25 20:01:22,AC_UNIT_001,24,25.74,24,53.89,973.52,65.93,358.44,100.0,Normal
2026-02-25 21:01:22,AC_UNIT_001,23.47,24.25,23,52.17,987.33,74.64,415.9,100.0,Normal
2026-02-25 22:01:22,AC_UNIT_001,23.09,26.5,23,54.1,1035.58,65.91,417.69,100.0,Normal
2026-02-25 23:01:22,AC_UNIT_001,22.03,25.55,22,51.29,1097.89,70.04,375.98,99.99,Normal
2026-02-26 00:01:22,AC_UNIT_001,22,24.0,22,42.92,995.43,73.23,407.24,99.94,Normal
2026-02-26 01:01:22,AC_UNIT_001,24,24.17,24,40.75,1015.73,70.31,351.53,99.89,Normal
2026-02-26 02:01:22,AC_UNIT_001,22.47,26.81,22,52.49,989.14,72.72,378.68,99.79,Normal
2026-02-26 03:01:22,AC_UNIT_001,22,24.41,22,42.92,1102.53,73.09,381.45,99.73,Normal
2026-02-26 04:01:22,AC_UNIT_001,24.4,26.23,24,50.38,1074.26,69.05,371.4,99.65,Normal
2026-02-26 05:01:22,AC_UNIT_001,24,24.05,24,52.78,944.86,67.07,375.03,99.59,Normal
2026-02-26 06:01:22,AC_UNIT_001,23.04,24.73,23,54.2,1104.14,71.0,361.72,99.52,Normal
2026-02-26 07:01:22,AC_UNIT_001,22.04,25.52,22,45.86,991.64,74.24,371.98,99.49,Normal
2026-02-26 08:01:22,AC_UNIT_001,22,33.09,22,47.18,1106.01,68.43,375.33,99.39,Normal
2026-02-26 09:01:22,AC_UNIT_001,24,33.98,24,54.11,1326.88,70.64,400.86,99.37,Normal
2026-02-26 10:01:22,AC_UNIT_001,22.17,32.68,22,49.83,1215.06,68.18,376.57,99.3,Normal
2026-02-26 11:01:22,AC_UNIT_001,22.23,33.01,22,46.96,1164.94,74.05,394.54,99.24,Normal
2026-02-26 12:01:22,AC_UNIT_001,24.2,30.43,24,41.23,1336.27,66.03,414.85,99.16,Normal
2026-02-26 13:01:22,AC_UNIT_001,24.11,30.97,24,42.55,1238.19,70.26,408.73,99.04,Normal
2026-02-26 14:01:22,AC_UNIT_001,23,28.71,23,45.08,1122.23,72.0,391.78,98.95,Normal
2026-02-26 15:01:22,AC_UNIT_001,22.04,30.55,22,49.58,1377.65,69.53,369.89,98.87,Normal
2026-02-26 16:01:22,AC_UNIT_001,23.57,33.71,23,47.72,1027.84,70.75,407.14,98.83,Normal
2026-02-26 17:01:22,AC_UNIT_001,23.14,30.15,23,50.6,1189.25,70.2,378.76,98.82,Normal
2026-02-26 18:01:22,AC_UNIT_001,22,33.84,22,48.41,1031.83,70.13,371.31,98.77,Normal
2026-02-26 19:01:22,AC_UNIT_001,24.52,30.25,24,42.17,1025.79,70.31,365.78,98.7,Normal
2026-02-26 20:01:22,AC_UNIT_001,22.42,25.5,22,53.57,1107.8,70.1,364.94,98.61,Normal
2026-02-26 21:01:22,AC_UNIT_001,22.3,25.46,22,41.95,914.06,65.26,398.59,98.5,Normal
2026-02-26 22:01:22,AC_UNIT_001,24,26.72,24,45.65,994.17,64.51,408.73,98.48,Normal
2026-02-26 23:01:22,AC_UNIT_001,22.47,26.45,22,45.68,899.84,68.43,406.89,98.36,Normal
2026-02-27 00:01:22,AC_UNIT_001,23.38,26.46,23,49.78,1110.19,72.55,390.57,98.35,Normal
2026-02-27 01:01:22,AC_UNIT_001,24,26.56,24,51.17,1081.41,68.88,381.69,98.23,Normal
2026-02-27 02:01:22,AC_UNIT_001,23.55,25.35,23,43.78,869.88,73.05,359.73,98.18,Normal
2026-02-27 03:01:22,AC_UNIT_001,22,24.37,22,49.99,1127.27,69.8,356.93,98.07,Normal
2026-02-27 04:01:22,AC_UNIT_001,22,26.68,22,50.47,877.45,71.63,405.67,97.99,Normal
2026-02-27 05:01:22,AC_UNIT_001,23.42,24.94,23,54.65,860.96,71.28,349.45,97.97,Normal
2026-02-27 06:01:22,AC_UNIT_001,23,26.61,23,43.11,1016.31,67.17,354.33,97.85,Normal
2026-02-27 07:01:22,AC_UNIT_001,22.56,25.61,22,44.44,916.29,73.83,405.32,97.77,Normal
2026-02-27 08:01:22,AC_UNIT_001,24.57,30.16,24,48.12,1421.59,67.28,389.57,97.73,Normal
2026-02-27 09:01:22,AC_UNIT_001,24.22,28.1,24,47.44,1292.69,72.13,360.04,97.73,Normal
2026-02-27 10:01:22,AC_UNIT_001,23.12,31.69,23,43.35,1433.07,67.66,351.59,97.66,Normal
2026-02-27 11:01:22,AC_UNIT_001,23.51,28.98,23,40.81,1426.55,66.0,354.89,97.63,Normal
2026-02-27 12:01:22,AC_UNIT_001,22,28.85,22,52.31,1093.04,72.1,393.84,97.61,Normal
2026-02-27 13:01:22,AC_UNIT_001,23.59,31.0,23,42.19,1209.3,66.6,413.7,97.52,Normal
2026-02-27 14:01:22,AC_UNIT_001,23.31,31.22,23,52.57,1317.61,69.02,359.91,97.51,Normal
2026-02-27 15:01:22,AC_UNIT_001,22.11,33.46,22,54.66,1194.28,64.25,356.72,97.48,Normal
2026-02-27 16:01:22,AC_UNIT_001,22.18,31.4,22,44.38,1238.38,68.96,359.89,97.37,Normal
2026-02-27 17:01:22,AC_UNIT_001,22.5,28.06,22,54.81,1116.52,69.36,397.2,97.26,Normal
2026-02-27 18:01:22,AC_UNIT_001,22.46,28.5,22,41.68,1169.77,70.2,384.17,97.2,Normal
2026-02-27 19:01:22,AC_UNIT_001,24.49,32.91,24,54.6,1432.68,65.2,374.36,97.18,Normal
2026-02-27 20:01:22,AC_UNIT_001,24.68,26.49,24,52.8,909.73,72.0,411.64,97.13,Normal
2026-02-27 21:01:22,AC_UNIT_001,24,25.1,24,41.91,991.23,68.94,403.73,97.03,Normal
2026-02-27 22:01:22,AC_UNIT_001,24.4,24.71,24,47.18,1112.69,69.76,371.98,96.94,Normal
2026-02-27 23:01:22,AC_UNIT_001,23,24.85,23,48.82,870.94,73.4,351.9,96.89,Normal
2026-02-28 00:01:22,AC_UNIT_001,23.23,24.41,23,43.7,888.03,69.21,393.44,96.78,Normal
2026-02-28 01:01:22,AC_UNIT_001,24.54,26.92,24,52.08,1020.28,69.37,388.81,96.72,Normal
2026-02-28 02:01:22,AC_UNIT_001,22,25.3,22,52.89,922.96,66.32,409.71,96.65,Normal
2026-02-28 03:01:22,AC_UNIT_001,22.33,25.53,22,46.06,965.42,71.85,360.83,96.55,Normal
2026-02-28 04:01:22,AC_UNIT_001,24.63,24.72,24,50.09,1048.76,68.03,385.62,96.48,Normal
2026-02-28 05:01:22,AC_UNIT_001,24.45,26.36,24,55.34,1133.9,71.65,366.71,96.36,Normal
2026-02-28 06:01:22,AC_UNIT_001,23.73,25.51,23,44.05,862.82,70.97,396.96,96.31,Normal
2026-02-28 07:01:22,AC_UNIT_001,24.57,25.73,24,51.2,915.92,65.39,366.09,96.26,Normal
2026-02-28 08:01:22,AC_UNIT_001,22.5,29.81,22,43.91,1452.98,67.43,381.28,96.18,Normal
2026-02-28 09:01:22,AC_UNIT_001,24,33.97,24,46.59,1306.07,70.04,378.03,96.08,Normal
2026-02-28 10:01:22,AC_UNIT_001,24.75,30.41,24,46.01,1368.74,64.22,351.15,96.06,Normal
2026-02-28 11:01:22,AC_UNIT_001,23.29,32.53,23,53.8,1452.78,63.68,382.64,95.99,Normal
2026-02-28 12:01:22,AC_UNIT_001,23,29.81,23,50.33,1337.38,68.48,396.33,95.95,Normal
2026-02-28 13:01:22,AC_UNIT_001,22.61,33.09,22,54.58,1157.99,68.7,361.24,95.87,Normal
2026-02-28 14:01:22,AC_UNIT_001,22.19,32.13,22,53.95,1235.84,67.83,403.36,95.84,Normal
2026-02-28 15:01:22,AC_UNIT_001,24.69,29.47,24,55.18,1313.11,70.24,362.96,95.77,Normal
2026-02-28 16:01:22,AC_UNIT_001,24,31.97,24,43.08,1448.49,64.45,365.37,95.69,Normal
2026-02-28 17:01:22,AC_UNIT_001,24.66,29.83,24,51.14,1318.9,69.55,398.0,95.59,Normal
2026-02-28 18:01:22,AC_UNIT_001,22.29,31.37,22,51.36,1136.7,63.75,363.18,95.48,Normal
2026-02-28 19:01:22,AC_UNIT_001,23.71,33.32,23,43.44,1397.54,67.47,388.24,95.37,Normal
2026-02-28 20:01:22,AC_UNIT_001,22.8,26.41,22,54.2,950.71,65.77,382.63,95.35,Normal
2026-02-28 21:01:22,AC_UNIT_001,24.77,26.99,24,51.2,925.5,63.89,364.17,95.26,Normal
2026-02-28 22:01:22,AC_UNIT_001,22.69,24.19,22,43.93,885.06,72.62,347.94,95.16,Normal
2026-02-28 23:01:22,AC_UNIT_001,22.76,25.21,22,49.63,1020.31,67.48,385.23,95.06,Normal
2026-03-01 00:01:22,AC_UNIT_001,23.33,24.52,23,46.85,1047.95,64.66,390.65,94.95,Normal
2026-03-01 01:01:22,AC_UNIT_001,22.42,24.64,22,42.87,1143.02,65.74,367.88,94.91,Normal
2026-03-01 02:01:22,AC_UNIT_001,22,25.16,22,41.56,946.92,69.82,344.59,94.83,Normal
2026-03-01 03:01:22,AC_UNIT_001,22.02,24.21,22,46.87,1084.36,66.06,366.39,94.76,Normal
2026-03-01 04:01:22,AC_UNIT_001,24,26.1,24,48.38,1094.38,70.8,356.77,94.69,Normal
2026-03-01 05:01:22,AC_UNIT_001,24.75,25.79,24,51.77,1170.63,63.79,376.63,94.57,Normal
2026-03-01 06:01:22,AC_UNIT_001,22.03,26.03,22,49.17,1016.13,67.22,392.91,94.52,Normal
2026-03-01 07:01:22,AC_UNIT_001,23.07,26.85,23,50.19,932.33,68.8,392.16,94.49,Normal
2026-03-01 08:01:22,AC_UNIT_001,22.2,29.02,22,43.24,1437.98,69.13,343.52,94.49,Normal
2026-03-01 09:01:22,AC_UNIT_001,24.05,30.85,24,47.82,1427.99,72.67,380.51,94.47,Normal
2026-03-01 10:01:22,AC_UNIT_001,23.24,33.44,23,45.95,1221.78,62.92,385.62,94.43,Normal
2026-03-01 11:01:22,AC_UNIT_001,23.54,31.1,23,45.88,1378.98,66.65,374.08,94.38,Normal
2026-03-01 12:01:22,AC_UNIT_001,24.7,33.19,24,52.79,1212.49,62.76,343.49,94.29,Normal
2026-03-01 13:01:22,AC_UNIT_001,23.65,29.15,23,47.61,1189.17,63.45,352.81,94.17,Normal
2026-03-01 14:01:22,AC_UNIT_001,24,30.76,24,55.83,1193.69,71.26,397.63,94.11,Normal
2026-03-01 15:01:22,AC_UNIT_001,23.37,31.77,23,49.29,1101.27,64.09,393.44,94.0,Normal
2026-03-01 16:01:22,AC_UNIT_001,23.09,29.06,23,43.17,1342.59,72.5,389.1,93.94,Normal
2026-03-01 17:01:22,AC_UNIT_001,23.81,31.13,23,50.98,1373.73,69.29,370.55,93.82,Normal
2026-03-01 18:01:22,AC_UNIT_001,23,29.14,23,49.82,1429.09,68.03,382.99,93.81,Normal
2026-03-01 19:01:22,AC_UNIT_001,22.18,33.69,22,46.84,1355.09,65.91,403.75,93.73,Normal
2026-03-01 20:01:22,AC_UNIT_001,24.89,24.64,24,46.16,1158.7,67.79,396.52,93.71,Normal
2026-03-01 21:01:22,AC_UNIT_001,22.13,25.82,22,49.46,1145.43,69.94,395.64,93.64,Normal
2026-03-01 22:01:22,AC_UNIT_001,24.53,25.24,24,46.11,936.31,62.47,343.88,93.59,Normal
2026-03-01 23:01:22,AC_UNIT_001,22.84,26.06,22,48.57,982.19,65.19,371.7,93.53,Normal
2026-03-02 00:01:22,AC_UNIT_001,23.61,26.64,23,53.33,1086.17,71.59,360.52,93.45,Normal
2026-03-02 01:01:22,AC_UNIT_001,24.88,24.93,24,48.62,976.95,64.04,348.18,93.44,Normal
2026-03-02 02:01:22,AC_UNIT_001,23.19,25.35,23,54.8,963.98,65.86,362.76,93.41,Normal
2026-03-02 03:01:22,AC_UNIT_001,22.91,26.74,22,48.19,1187.93,63.5,352.02,93.35,Normal
2026-03-02 04:01:22,AC_UNIT_001,24.57,24.34,24,43.97,1075.02,68.58,406.5,93.31,Normal
2026-03-02 05:01:22,AC_UNIT_001,23.85,26.18,23,53.94,919.46,65.35,351.02,93.3,Normal
2026-03-02 06:01:22,AC_UNIT_001,22.73,24.53,22,48.68,924.71,71.34,379.09,93.23,Normal
2026-03-02 07:01:22,AC_UNIT_001,23.49,24.52,23,53.6,978.88,71.11,347.35,93.19,Normal
2026-03-02 08:01:22,AC_UNIT_001,22.93,32.17,22,54.46,1179.07,70.51,342.96,93.16,Normal
2026-03-02 09:01:22,AC_UNIT_001,22.51,33.97,22,45.29,1188.67,70.86,408.02,93.06,Normal
2026-03-02 10:01:22,AC_UNIT_001,24.58,28.72,24,49.88,1353.92,71.17,401.27,92.96,Normal
2026-03-02 11:01:22,AC_UNIT_001,22.41,30.11,22,46.66,1416.1,69.65,347.25,92.88,Normal
2026-03-02 12:01:22,AC_UNIT_001,23.71,30.45,23,43.16,1257.8,71.27,406.36,92.79,Normal
2026-03-02 13:01:22,AC_UNIT_001,23.76,32.77,23,52.71,1142.37,65.14,382.28,92.67,Normal
2026-03-02 14:01:22,AC_UNIT_001,22.29,32.72,22,43.09,1308.17,70.61,354.14,92.67,Normal
2026-03-02 15:01:22,AC_UNIT_001,22.0,28.79,22,56.56,1186.01,66.46,405.47,92.61,Normal
2026-03-02 16:01:22,AC_UNIT_001,23.25,28.63,23,44.08,1480.61,70.87,371.99,92.56,Normal
2026-03-02 17:01:22,AC_UNIT_001,22.21,31.41,22,47.79,1508.68,70.44,394.4,92.45,Normal
2026-03-02 18:01:22,AC_UNIT_001,23.84,28.37,23,42.92,1142.31,66.04,361.36,92.35,Normal
2026-03-02 19:01:22,AC_UNIT_001,22.94,31.1,22,45.63,1166.66,65.83,353.59,92.33,Normal
2026-03-02 20:01:22,AC_UNIT_001,24.58,24.31,24,47.06,939.55,69.29,402.78,92.31,Normal
2026-03-02 21:01:22,AC_UNIT_001,23.71,24.68,23,47.54,1208.81,62.63,376.68,92.27,Normal
2026-03-02 22:01:22,AC_UNIT_001,23.67,25.18,23,53.38,933.89,65.38,362.32,92.17,Normal
2026-03-02 23:01:22,AC_UNIT_001,24.02,26.75,23,56.51,971.26,70.06,400.54,92.16,Normal
2026-03-03 00:01:22,AC_UNIT_001,23.12,26.28,23,45.64,1109.57,62.24,378.23,92.07,Normal
2026-03-03 01:01:22,AC_UNIT_001,24.48,25.4,24,51.78,1180.93,70.97,352.8,92.05,Normal
2026-03-03 02:01:22,AC_UNIT_001,22.72,25.38,22,46.46,1057.84,69.08,366.24,91.97,Normal
2026-03-03 03:01:22,AC_UNIT_001,24.68,25.39,24,49.86,1124.11,64.74,379.28,91.96,Normal
2026-03-03 04:01:22,AC_UNIT_001,22.91,26.12,22,49.86,990.5,67.77,368.95,91.9,Normal
2026-03-03 05:01:22,AC_UNIT_001,24.73,24.18,24,48.73,1233.76,61.85,354.91,91.9,Normal
2026-03-03 06:01:22,AC_UNIT_001,22.33,26.2,22,55.36,994.94,71.19,343.05,91.84,Normal
2026-03-03 07:01:22,AC_UNIT_001,22.09,26.09,22,50.83,1050.6,69.23,352.0,91.83,Normal
2026-03-03 08:01:22,AC_UNIT_001,24.28,30.29,24,48.78,1486.53,63.17,375.56,91.77,Normal
2026-03-03 09:01:22,AC_UNIT_001,22.39,32.64,22,45.82,1367.03,67.57,395.66,91.76,Normal
2026-03-03 10:01:22,AC_UNIT_001,22.56,30.78,22,49.44,1195.94,64.61,339.84,91.67,Normal
2026-03-03 11:01:22,AC_UNIT_001,24.1,29.36,24,46.03,1300.78,63.83,340.18,91.61,Normal
2026-03-03 12:01:22,AC_UNIT_001,23.5,30.31,23,47.45,1514.32,61.68,382.21,91.59,Normal
2026-03-03 13:01:22,AC_UNIT_001,23.4,31.78,23,52.58,1432.92,67.76,347.85,91.5,Normal
2026-03-03 14:01:22,AC_UNIT_001,23.61,33.09,23,45.32,1503.36,64.44,402.47,91.44,Normal
2026-03-03 15:01:22,AC_UNIT_001,22.91,31.5,22,51.82,1358.18,70.82,375.46,91.32,Normal
2026-03-03 16:01:22,AC_UNIT_001,23.38,30.49,23,53.88,1197.46,61.88,407.21,91.29,Normal
2026-03-03 17:01:22,AC_UNIT_001,24.83,32.65,24,56.44,1326.05,67.31,339.66,91.18,Normal
2026-03-03 18:01:22,AC_UNIT_001,23.51,32.36,23,45.94,1313.93,70.09,406.36,91.12,Normal
2026-03-03 19:01:22,AC_UNIT_001,24.34,29.5,24,48.56,1474.89,63.02,351.04,91.03,Normal
2026-03-03 20:01:22,AC_UNIT_001,24.25,26.47,24,54.68,1127.2,67.71,395.69,90.97,Normal
2026-03-03 21:01:22,AC_UNIT_001,22.81,26.95,22,56.42,1157.79,62.18,386.43,90.95,Normal
2026-03-03 22:01:22,AC_UNIT_001,22.24,24.4,22,46.04,1147.92,62.43,378.99,90.91,Normal
2026-03-03 23:01:22,AC_UNIT_001,23.03,25.06,22,53.91,1100.51,71.14,378.89,90.81,Normal
2026-03-04 00:01:22,AC_UNIT_001,23.47,26.2,23,50.23,1241.94,64.92,396.32,90.76,Normal
2026-03-04 01:01:22,AC_UNIT_001,23.23,26.16,23,49.96,1139.63,65.23,346.07,90.67,Normal
2026-03-04 02:01:22,AC_UNIT_001,25.12,25.5,24,57.01,1008.84,64.34,384.5,90.65,Normal
2026-03-04 03:01:22,AC_UNIT_001,23.72,26.35,23,55.46,1085.52,70.12,402.04,90.61,Normal
2026-03-04 04:01:22,AC_UNIT_001,22.41,24.11,22,57.12,1070.13,70.48,347.74,90.5,Normal
2026-03-04 05:01:22,AC_UNIT_001,24.0,26.84,23,54.63,1028.64,62.71,374.46,90.44,Normal
2026-03-04 06:01:22,AC_UNIT_001,24.95,25.88,24,50.62,1046.03,63.92,353.71,90.34,Normal
2026-03-04 07:01:22,AC_UNIT_001,24.76,26.09,24,45.38,1180.36,62.73,354.12,90.22,Normal
2026-03-04 08:01:22,AC_UNIT_001,24.18,28.07,24,52.41,1389.58,67.58,388.23,90.21,Normal
2026-03-04 09:01:22,AC_UNIT_001,23.25,32.02,23,45.1,1529.63,66.64,344.84,90.21,Normal
2026-03-04 10:01:22,AC_UNIT_001,23.95,29.31,23,54.32,1561.8,70.91,340.27,90.1,Normal
2026-03-04 11:01:22,AC_UNIT_001,24.0,31.48,23,55.93,1502.08,66.01,376.45,89.98,Normal
2026-03-04 12:01:22,AC_UNIT_001,25.01,28.6,24,51.49,1490.17,62.34,383.9,89.96,Normal
2026-03-04 13:01:22,AC_UNIT_001,22.52,29.73,22,45.61,1416.38,68.76,390.13,89.92,Normal
2026-03-04 14:01:22,AC_UNIT_001,23.8,31.44,23,42.86,1257.56,67.68,383.3,89.91,Normal
2026-03-04 15:01:22,AC_UNIT_001,22.48,31.26,22,53.26,1238.57,68.69,369.75,89.9,Normal
2026-03-04 16:01:22,AC_UNIT_001,23.05,31.46,22,55.86,1513.35,66.64,404.76,89.81,Normal
2026-03-04 17:01:22,AC_UNIT_001,22.37,29.67,22,44.82,1271.54,65.82,348.75,89.74,Normal
2026-03-04 18:01:22,AC_UNIT_001,22.25,32.44,22,57.0,1495.92,66.12,388.3,89.73,Normal
2026-03-04 19:01:22,AC_UNIT_001,24.84,32.7,24,47.48,1365.83,68.6,362.85,89.65,Normal
2026-03-04 20:01:22,AC_UNIT_001,24.19,26.58,24,44.45,1051.08,65.3,387.85,89.61,Normal
2026-03-04 21:01:22,AC_UNIT_001,23.67,24.25,23,56.43,1099.88,65.46,391.66,89.59,Normal
2026-03-04 22:01:22,AC_UNIT_001,24.17,25.46,23,43.54,1215.71,63.96,353.16,89.56,Normal
2026-03-04 23:01:22,AC_UNIT_001,24.43,25.24,24,52.04,1043.79,65.91,396.99,89.49,Normal
2026-03-05 00:01:22,AC_UNIT_001,22.61,24.54,22,57.15,1128.53,62.26,358.59,89.39,Normal
2026-03-05 01:01:22,AC_UNIT_001,24.14,25.73,23,44.07,1130.98,65.61,404.29,89.38,Normal
2026-03-05 02:01:22,AC_UNIT_001,24.54,26.62,24,51.6,1232.99,61.81,392.17,89.3,Normal
2026-03-05 03:01:22,AC_UNIT_001,24.83,26.78,24,53.53,1246.2,61.69,393.44,89.27,Normal
2026-03-05 04:01:22,AC_UNIT_001,23.56,24.7,23,48.47,1168.44,70.48,396.72,89.26,Normal
2026-03-05 05:01:22,AC_UNIT_001,25.1,26.27,24,50.97,1196.55,69.34,374.06,89.17,Normal
2026-03-05 06:01:22,AC_UNIT_001,22.3,25.39,22,50.47,1191.17,67.67,396.7,89.12,Normal
2026-03-05 07:01:22,AC_UNIT_001,24.29,25.53,24,51.96,1142.51,63.24,399.9,89.04,Normal
2026-03-05 08:01:22,AC_UNIT_001,24.18,28.32,23,45.82,1238.3,67.04,377.35,88.93,Normal
2026-03-05 09:01:22,AC_UNIT_001,23.78,29.63,23,55.89,1299.54,68.92,361.44,88.85,Normal
2026-03-05 10:01:22,AC_UNIT_001,24.81,31.47,24,52.79,1438.23,66.76,376.02,88.74,Normal
2026-03-05 11:01:22,AC_UNIT_001,22.6,30.64,22,49.21,1562.25,62.76,398.39,88.68,Normal
2026-03-05 12:01:22,AC_UNIT_001,23.1,28.9,22,43.19,1201.7,65.61,377.26,88.68,Normal
2026-03-05 13:01:22,AC_UNIT_001,23.05,33.31,22,45.96,1553.08,69.94,390.5,88.6,Normal
2026-03-05 14:01:22,AC_UNIT_001,23.8,28.27,23,51.43,1469.97,67.74,377.01,88.54,Normal
2026-03-05 15:01:22,AC_UNIT_001,24.08,30.29,23,43.48,1478.13,68.16,355.28,88.43,Normal
2026-03-05 16:01:22,AC_UNIT_001,23.14,32.31,22,54.87,1391.64,60.57,381.15,88.4,Normal
2026-03-05 17:01:22,AC_UNIT_001,25.17,31.2,24,46.09,1422.02,69.1,384.27,88.34,Normal
2026-03-05 18:01:22,AC_UNIT_001,23.41,29.02,23,44.04,1221.62,66.01,354.15,88.33,Normal
2026-03-05 19:01:22,AC_UNIT_001,24.0,31.71,23,51.39,1578.0,63.78,357.77,88.27,Normal
2026-03-05 20:01:22,AC_UNIT_001,25.17,25.91,24,46.47,1059.02,62.68,386.56,88.17,Normal
2026-03-05 21:01:22,AC_UNIT_001,24.47,24.56,24,57.24,1194.52,63.41,381.9,88.06,Normal
2026-03-05 22:01:22,AC_UNIT_001,22.82,24.98,22,48.67,1097.58,62.18,360.31,88.04,Normal
2026-03-05 23:01:22,AC_UNIT_001,24.54,26.59,24,55.93,1177.25,69.72,370.24,87.96,Normal
2026-03-06 00:01:22,AC_UNIT_001,23.98,25.18,23,44.43,1023.01,67.09,361.72,87.87,Normal
2026-03-06 01:01:22,AC_UNIT_001,23.54,24.66,23,57.52,1046.03,64.77,388.95,87.83,Normal
2026-03-06 02:01:22,AC_UNIT_001,22.73,24.09,22,49.98,1118.48,67.22,384.27,87.73,Normal
2026-03-06 03:01:22,AC_UNIT_001,23.85,25.53,23,54.83,1160.49,69.35,391.7,87.62,Normal
2026-03-06 04:01:22,AC_UNIT_001,23.95,24.22,23,56.65,1204.54,67.02,371.82,87.6,Normal
2026-03-06 05:01:22,AC_UNIT_001,22.35,26.11,22,48.22,1215.55,65.05,388.38,87.56,Normal
2026-03-06 06:01:22,AC_UNIT_001,22.41,24.47,22,58.2,1148.68,61.75,377.58,87.56,Normal
2026-03-06 07:01:22,AC_UNIT_001,25.21,26.43,24,44.36,1180.95,63.47,386.28,87.44,Normal
2026-03-06 08:01:22,AC_UNIT_001,24.48,32.16,24,47.66,1398.74,65.08,370.36,87.41,Normal
2026-03-06 09:01:22,AC_UNIT_001,23.94,28.14,23,54.94,1520.99,65.38,365.56,87.38,Normal
2026-03-06 10:01:22,AC_UNIT_001,22.68,30.96,22,48.35,1581.05,61.35,367.9,87.33,Normal
2026-03-06 11:01:22,AC_UNIT_001,25.12,33.57,24,55.14,1485.68,69.47,381.06,87.23,Normal
2026-03-06 12:01:22,AC_UNIT_001,24.46,29.55,24,53.4,1561.02,63.92,388.68,87.23,Normal
2026-03-06 13:01:22,AC_UNIT_001,22.63,33.92,22,47.87,1276.53,62.11,334.8,87.22,Normal
2026-03-06 14:01:22,AC_UNIT_001,22.6,31.33,22,48.39,1229.06,60.65,354.91,87.19,Normal
2026-03-06 15:01:22,AC_UNIT_001,23.19,32.68,22,48.67,1526.92,62.87,385.57,87.12,Normal
2026-03-06 16:01:22,AC_UNIT_001,23.46,33.61,23,56.22,1233.37,65.05,343.45,87.08,Normal
2026-03-06 17:01:22,AC_UNIT_001,24.81,28.93,24,50.46,1514.71,64.27,356.26,87.06,Normal
2026-03-06 18:01:22,AC_UNIT_001,23.2,31.72,22,56.0,1600.69,65.19,397.13,86.98,Normal
2026-03-06 19:01:22,AC_UNIT_001,22.89,29.52,22,51.39,1563.1,68.03,395.27,86.95,Normal
2026-03-06 20:01:22,AC_UNIT_001,24.79,24.23,24,51.29,1051.24,69.27,400.25,86.85,Normal
2026-03-06 21:01:22,AC_UNIT_001,24.89,25.66,24,43.82,1195.38,61.56,352.1,86.76,Normal
2026-03-06 22:01:22,AC_UNIT_001,24.95,25.14,24,54.66,1277.69,60.93,366.09,86.66,Normal
2026-03-06 23:01:22,AC_UNIT_001,23.06,25.82,22,48.9,1193.8,60.75,399.64,86.65,Normal
2026-03-07 00:01:22,AC_UNIT_001,25.06,26.24,24,47.05,1285.37,67.93,362.1,86.62,Normal
2026-03-07 01:01:22,AC_UNIT_001,24.67,25.1,24,47.6,1266.4,64.01,333.66,86.52,Normal
2026-03-07 02:01:22,AC_UNIT_001,24.79,26.29,24,47.9,1238.23,61.47,354.68,86.48,Normal
2026-03-07 03:01:22,AC_UNIT_001,22.64,24.85,22,57.35,1189.67,61.62,394.29,86.39,Normal
2026-03-07 04:01:22,AC_UNIT_001,22.69,24.84,22,45.03,1250.9,64.72,355.92,86.29,Normal
2026-03-07 05:01:22,AC_UNIT_001,24.49,26.21,24,54.72,1321.98,63.75,359.52,86.28,Normal
2026-03-07 06:01:22,AC_UNIT_001,24.5,25.12,24,56.09,1237.6,63.26,352.19,86.22,Normal
2026-03-07 07:01:22,AC_UNIT_001,22.67,25.05,22,47.07,1088.34,66.39,374.23,86.2,Normal
2026-03-07 08:01:22,AC_UNIT_001,24.22,32.66,23,44.23,1529.46,60.43,378.45,86.12,Normal
2026-03-07 09:01:22,AC_UNIT_001,22.74,29.97,22,45.77,1530.24,67.03,350.66,86.05,Normal
2026-03-07 10:01:22,AC_UNIT_001,25.27,31.94,24,49.99,1338.03,67.58,380.29,85.99,Normal
2026-03-07 11:01:22,AC_UNIT_001,23.95,33.03,23,55.87,1452.12,60.78,368.53,85.93,Normal
2026-03-07 12:01:22,AC_UNIT_001,22.82,32.21,22,44.83,1296.92,59.46,377.17,85.92,Normal
2026-03-07 13:01:22,AC_UNIT_001,24.16,29.21,23,47.8,1612.63,61.27,398.73,85.9,Normal
2026-03-07 14:01:22,AC_UNIT_001,24.66,31.7,24,54.81,1348.26,61.51,337.98,85.87,Normal
2026-03-07 15:01:22,AC_UNIT_001,22.72,32.52,22,57.06,1383.62,68.11,385.61,85.81,Normal
2026-03-07 16:01:22,AC_UNIT_001,23.02,33.25,22,56.13,1557.12,59.68,347.17,85.74,Normal
2026-03-07 17:01:22,AC_UNIT_001,23.26,31.89,22,48.68,1276.46,67.98,375.93,85.71,Normal
2026-03-07 18:01:22,AC_UNIT_001,24.2,32.81,23,54.1,1508.91,68.72,376.85,85.67,Normal
2026-03-07 19:01:22,AC_UNIT_001,22.84,28.51,22,55.97,1343.67,66.16,334.55,85.6,Normal
2026-03-07 20:01:22,AC_UNIT_001,23.08,24.64,22,48.06,1042.8,61.61,348.58,85.49,Normal
2026-03-07 21:01:22,AC_UNIT_001,24.9,26.33,24,44.32,1148.22,68.23,395.48,85.45,Normal
2026-03-07 22:01:22,AC_UNIT_001,23.94,25.82,23,47.99,1310.92,63.38,393.87,85.41,Normal
2026-03-07 23:01:22,AC_UNIT_001,24.52,24.2,24,52.47,1293.13,62.03,342.84,85.3,Normal
2026-03-08 00:01:22,AC_UNIT_001,24.84,26.76,24,52.08,1058.44,67.82,370.07,85.19,Normal
2026-03-08 01:01:22,AC_UNIT_001,24.76,26.48,24,52.37,1260.84,61.56,362.77,85.19,Normal
2026-03-08 02:01:22,AC_UNIT_001,24.45,26.72,23,50.19,1185.28,66.61,336.45,85.09,Normal
2026-03-08 03:01:22,AC_UNIT_001,25.06,25.86,24,58.85,1184.66,60.25,370.03,85.05,Normal
2026-03-08 04:01:22,AC_UNIT_001,23.08,26.84,22,57.96,1066.85,65.96,379.5,84.97,Normal
2026-03-08 05:01:22,AC_UNIT_001,24.42,26.65,23,57.09,1207.63,63.68,350.81,84.89,Normal
2026-03-08 06:01:22,AC_UNIT_001,25.27,25.99,24,56.3,1351.94,61.25,364.66,84.87,Normal
2026-03-08 07:01:22,AC_UNIT_001,23.12,25.27,22,54.49,1305.25,62.35,383.0,84.78,Normal
2026-03-08 08:01:22,AC_UNIT_001,22.99,33.32,22,58.7,1363.06,65.05,343.63,84.76,Normal
2026-03-08 09:01:22,AC_UNIT_001,23.17,32.95,22,49.96,1440.5,62.18,382.9,84.69,Normal
2026-03-08 10:01:22,AC_UNIT_001,22.74,30.06,22,58.61,1496.79,62.68,390.13,84.57,Normal
2026-03-08 11:01:22,AC_UNIT_001,23.5,32.9,22,57.75,1645.05,62.34,391.8,84.5,Normal
2026-03-08 12:01:22,AC_UNIT_001,23.78,29.41,23,53.9,1464.19,67.85,363.45,84.45,Normal
2026-03-08 13:01:22,AC_UNIT_001,23.68,30.45,23,57.8,1624.42,61.66,359.87,84.37,Normal
2026-03-08 14:01:22,AC_UNIT_001,23.8,33.31,23,58.05,1552.83,64.88,392.85,84.3,Normal
2026-03-08 15:01:22,AC_UNIT_001,23.89,31.1,23,59.04,1289.75,65.78,337.96,84.24,Normal
2026-03-08 16:01:22,AC_UNIT_001,23.13,30.38,22,53.71,1310.82,68.41,356.47,84.17,Normal
2026-03-08 17:01:22,AC_UNIT_001,25.02,28.76,24,50.5,1471.8,67.73,374.59,84.05,Normal
2026-03-08 18:01:22,AC_UNIT_001,24.34,30.16,23,55.23,1384.0,61.06,396.05,83.95,Normal
2026-03-08 19:01:22,AC_UNIT_001,24.07,32.97,23,52.24,1317.79,62.29,350.81,83.91,Normal
2026-03-08 20:01:22,AC_UNIT_001,24.72,24.18,24,55.02,1138.84,59.74,389.83,83.87,Normal
2026-03-08 21:01:22,AC_UNIT_001,23.73,24.41,23,46.55,1274.04,61.51,377.83,83.8,Normal
2026-03-08 22:01:22,AC_UNIT_001,25.32,24.8,24,54.0,1145.91,62.01,360.84,83.8,Normal
2026-03-08 23:01:22,AC_UNIT_001,22.97,26.34,22,59.19,1279.03,63.59,390.08,83.78,Normal
2026-03-09 00:01:22,AC_UNIT_001,24.67,25.09,24,52.98,1152.94,59.76,386.05,83.69,Normal
2026-03-09 01:01:22,AC_UNIT_001,23.82,26.57,23,54.68,1267.17,63.56,389.52,83.59,Normal
2026-03-09 02:01:22,AC_UNIT_001,25.3,24.14,24,56.28,1109.38,67.63,339.93,83.57,Normal
2026-03-09 03:01:22,AC_UNIT_001,22.6,25.19,22,51.3,1120.24,64.36,376.0,83.55,Normal
2026-03-09 04:01:22,AC_UNIT_001,23.01,26.36,22,52.21,1210.2,64.1,336.09,83.54,Normal
2026-03-09 05:01:22,AC_UNIT_001,25.23,25.11,24,53.99,1314.24,63.79,393.24,83.53,Normal
2026-03-09 06:01:22,AC_UNIT_001,25.3,24.44,24,53.21,1297.12,65.29,360.01,83.48,Normal
2026-03-09 07:01:22,AC_UNIT_001,23.43,26.95,22,58.57,1310.62,63.51,332.41,83.4,Normal
2026-03-09 08:01:22,AC_UNIT_001,25.24,29.93,24,47.96,1535.9,61.29,348.86,83.4,Normal
2026-03-09 09:01:22,AC_UNIT_001,24.29,31.85,23,46.53,1327.09,62.04,382.27,83.29,Normal
2026-03-09 10:01:22,AC_UNIT_001,25.06,30.73,24,47.11,1647.24,61.12,347.59,83.21,Normal
2026-03-09 11:01:22,AC_UNIT_001,22.98,31.42,22,52.09,1526.38,65.16,360.15,83.18,Normal
2026-03-09 12:01:22,AC_UNIT_001,22.95,32.95,22,46.79,1399.69,61.3,347.61,83.17,Normal
2026-03-09 13:01:22,AC_UNIT_001,24.46,29.36,23,53.27,1533.9,66.52,339.75,83.16,Normal
2026-03-09 14:01:22,AC_UNIT_001,23.42,30.97,22,52.53,1597.97,60.75,335.12,83.14,Normal
2026-03-09 15:01:22,AC_UNIT_001,23.6,31.73,22,52.38,1332.52,58.87,354.78,83.1,Normal
2026-03-09 16:01:22,AC_UNIT_001,25.52,29.1,24,45.92,1609.63,67.24,392.72,83.09,Normal
2026-03-09 17:01:22,AC_UNIT_001,25.52,29.55,24,59.0,1538.53,58.82,394.28,83.0,Normal
2026-03-09 18:01:22,AC_UNIT_001,24.55,29.16,23,57.0,1459.14,62.3,347.5,82.93,Normal
2026-03-09 19:01:22,AC_UNIT_001,23.28,32.7,22,58.71,1498.18,65.88,373.54,82.87,Normal
2026-03-09 20:01:22,AC_UNIT_001,24.16,25.07,23,57.26,1158.04,58.27,343.52,82.85,Normal
2026-03-09 21:01:22,AC_UNIT_001,24.28,24.02,23,46.7,1181.69,62.01,372.68,82.84,Normal
2026-03-09 22:01:22,AC_UNIT_001,24.85,24.32,24,50.86,1158.93,60.37,376.69,82.77,Normal
2026-03-09 23:01:22,AC_UNIT_001,25.31,25.91,24,59.45,1382.92,59.71,373.98,82.69,Normal
2026-03-10 00:01:22,AC_UNIT_001,24.09,25.53,23,57.47,1366.48,65.03,345.06,82.6,Normal
2026-03-10 01:01:22,AC_UNIT_001,23.66,25.22,22,58.92,1165.63,64.07,370.4,82.52,Normal
2026-03-10 02:01:22,AC_UNIT_001,23.31,24.6,22,56.6,1241.69,60.1,383.0,82.46,Normal
2026-03-10 03:01:22,AC_UNIT_001,23.59,25.87,22,56.31,1103.23,63.67,337.75,82.44,Normal
2026-03-10 04:01:22,AC_UNIT_001,23.75,26.59,23,47.63,1103.38,60.11,351.95,82.35,Normal
2026-03-10 05:01:22,AC_UNIT_001,25.19,25.69,24,55.37,1360.79,65.04,390.07,82.26,Normal
2026-03-10 06:01:22,AC_UNIT_001,23.2,24.2,22,55.93,1318.07,60.68,335.47,82.18,Normal
2026-03-10 07:01:22,AC_UNIT_001,23.95,25.11,23,58.04,1368.08,61.46,380.36,82.08,Normal
2026-03-10 08:01:22,AC_UNIT_001,25.42,33.81,24,58.4,1596.65,58.29,386.06,81.97,Normal
2026-03-10 09:01:22,AC_UNIT_001,25.29,30.41,24,59.34,1419.09,67.22,394.36,81.91,Normal
2026-03-10 10:01:22,AC_UNIT_001,25.53,29.95,24,49.16,1564.22,60.11,363.84,81.84,Normal
2026-03-10 11:01:22,AC_UNIT_001,25.4,31.58,24,51.25,1479.88,58.84,378.04,81.81,Normal
2026-03-10 12:01:22,AC_UNIT_001,23.73,28.12,23,48.87,1329.12,66.59,341.08,81.69,Normal
2026-03-10 13:01:22,AC_UNIT_001,24.3,33.98,23,58.37,1611.87,62.23,376.64,81.59,Normal
2026-03-10 14:01:22,AC_UNIT_001,24.58,29.55,23,51.23,1706.89,63.06,329.34,81.54,Normal
2026-03-10 15:01:22,AC_UNIT_001,25.32,29.49,24,55.93,1394.05,66.63,368.57,81.54,Normal
2026-03-10 16:01:22,AC_UNIT_001,24.14,29.84,23,59.39,1686.59,62.18,385.24,81.42,Normal
2026-03-10 17:01:22,AC_UNIT_001,23.02,31.61,22,46.14,1349.24,63.79,345.09,81.38,Normal
2026-03-10 18:01:22,AC_UNIT_001,25.51,29.2,24,54.0,1702.97,66.24,328.0,81.32,Normal
2026-03-10 19:01:22,AC_UNIT_001,23.36,31.41,22,56.23,1440.56,62.49,370.85,81.22,Normal
2026-03-10 20:01:22,AC_UNIT_001,25.25,25.44,24,50.2,1262.93,63.01,334.8,81.13,Normal
2026-03-10 21:01:22,AC_UNIT_001,24.22,26.31,23,55.37,1314.05,65.78,353.09,81.05,Normal
2026-03-10 22:01:22,AC_UNIT_001,22.82,25.19,22,57.57,1141.91,62.34,354.51,81.01,Normal
2026-03-10 23:01:22,AC_UNIT_001,22.98,24.87,22,59.4,1151.87,63.02,383.68,80.94,Normal
2026-03-11 00:01:22,AC_UNIT_001,22.97,26.3,22,54.56,1239.59,66.53,367.77,80.82,Normal
2026-03-11 01:01:22,AC_UNIT_001,24.26,25.36,23,48.91,1377.4,58.82,329.93,80.74,Normal
2026-03-11 02:01:22,AC_UNIT_001,24.75,24.13,23,57.88,1350.16,57.62,324.43,80.72,Normal
2026-03-11 03:01:22,AC_UNIT_001,24.75,26.82,23,49.12,1344.09,59.3,355.99,80.61,Normal
2026-03-11 04:01:22,AC_UNIT_001,23.37,25.57,22,50.62,1376.87,64.5,357.05,80.5,Normal
2026-03-11 05:01:22,AC_UNIT_001,25.59,25.58,24,51.62,1296.35,60.89,379.66,80.4,Normal
2026-03-11 06:01:22,AC_UNIT_001,24.91,24.65,24,58.48,1338.41,66.34,387.0,80.33,Normal
2026-03-11 07:01:22,AC_UNIT_001,23.84,26.67,23,59.62,1318.55,63.33,390.71,80.23,Normal
2026-03-11 08:01:22,AC_UNIT_001,23.19,31.0,22,58.94,1464.55,64.61,386.09,80.22,Normal
2026-03-11 09:01:22,AC_UNIT_001,23.92,29.92,23,52.85,1404.96,60.82,339.58,80.13,Normal
2026-03-11 10:01:22,AC_UNIT_001,25.67,29.65,24,49.61,1381.48,64.22,328.84,80.12,Normal
2026-03-11 11:01:22,AC_UNIT_001,24.24,29.65,23,50.97,1507.2,63.24,329.69,80.05,Normal
2026-03-11 12:01:22,AC_UNIT_001,25.41,28.24,24,54.41,1490.26,66.37,365.91,80.03,Normal
2026-03-11 13:01:22,AC_UNIT_001,24.88,32.71,24,45.64,1720.04,60.76,349.28,80.0,Normal
2026-03-11 14:01:22,AC_UNIT_001,24.49,30.87,23,49.74,1721.87,63.48,376.39,79.94,Normal
2026-03-11 15:01:22,AC_UNIT_001,23.07,30.65,22,50.31,1430.13,57.82,365.38,79.92,Normal
2026-03-11 16:01:22,AC_UNIT_001,23.36,33.72,22,50.65,1705.33,58.94,347.78,79.84,Normal
2026-03-11 17:01:22,AC_UNIT_001,25.37,32.1,24,56.34,1624.3,57.98,384.95,79.78,Normal
2026-03-11 18:01:22,AC_UNIT_001,24.42,28.07,23,54.43,1435.68,65.32,350.79,79.77,Normal
2026-03-11 19:01:22,AC_UNIT_001,24.41,31.66,23,53.72,1643.47,57.94,342.12,79.67,Normal
2026-03-11 20:01:22,AC_UNIT_001,24.5,24.1,23,55.97,1377.12,60.9,348.84,79.67,Normal
2026-03-11 21:01:22,AC_UNIT_001,25.48,26.24,24,54.86,1140.99,66.36,332.31,79.56,Normal
2026-03-11 22:01:22,AC_UNIT_001,24.79,25.31,23,52.89,1197.73,58.81,352.5,79.52,Normal
2026-03-11 23:01:22,AC_UNIT_001,24.48,24.83,23,52.7,1231.15,63.76,389.1,79.4,Normal
2026-03-12 00:01:22,AC_UNIT_001,24.44,25.27,23,45.72,1298.45,66.3,391.22,79.29,Normal
2026-03-12 01:01:22,AC_UNIT_001,24.9,26.13,24,51.58,1372.61,61.08,355.96,79.27,Normal
2026-03-12 02:01:22,AC_UNIT_001,24.31,26.38,23,54.16,1334.01,65.31,329.24,79.19,Normal
2026-03-12 03:01:22,AC_UNIT_001,25.13,24.22,24,54.93,1218.9,58.63,322.43,79.17,Normal
2026-03-12 04:01:22,AC_UNIT_001,23.89,24.06,23,59.77,1239.01,60.24,327.26,79.17,Normal
2026-03-12 05:01:22,AC_UNIT_001,23.01,26.01,22,54.4,1360.33,64.2,379.81,79.11,Normal
2026-03-12 06:01:22,AC_UNIT_001,25.83,26.1,24,57.62,1331.3,64.8,384.59,79.09,Normal
2026-03-12 07:01:22,AC_UNIT_001,23.88,24.97,22,53.18,1332.86,59.78,338.01,79.01,Normal
2026-03-12 08:01:22,AC_UNIT_001,24.12,31.07,23,52.46,1532.25,60.26,343.97,78.98,Normal
2026-03-12 09:01:22,AC_UNIT_001,24.63,30.98,23,52.85,1440.8,59.0,323.35,78.88,Normal
2026-03-12 10:01:22,AC_UNIT_001,25.24,31.75,24,55.47,1686.15,62.48,341.94,78.83,Normal
2026-03-12 11:01:22,AC_UNIT_001,23.94,33.54,23,49.63,1573.17,57.86,332.86,78.75,Normal
2026-03-12 12:01:22,AC_UNIT_001,24.28,33.58,23,51.27,1364.44,56.75,361.27,78.68,Normal
2026-03-12 13:01:22,AC_UNIT_001,24.19,30.85,23,58.87,1641.97,58.71,377.09,78.63,Normal
2026-03-12 14:01:22,AC_UNIT_001,25.59,32.54,24,49.13,1453.9,63.52,374.0,78.59,Normal
2026-03-12 15:01:22,AC_UNIT_001,24.63,28.2,23,56.24,1550.79,56.45,322.12,78.48,Normal
2026-03-12 16:01:22,AC_UNIT_001,25.41,31.75,24,50.23,1759.34,58.35,342.42,78.38,Normal
2026-03-12 17:01:22,AC_UNIT_001,25.04,31.83,24,47.78,1557.45,59.65,326.87,78.32,Normal
2026-03-12 18:01:22,AC_UNIT_001,24.38,30.69,23,54.29,1760.6,63.25,356.68,78.32,Normal
2026-03-12 19:01:22,AC_UNIT_001,23.5,31.21,22,54.51,1727.54,60.3,348.36,78.28,Normal
2026-03-12 20:01:22,AC_UNIT_001,24.04,24.24,23,45.99,1276.72,64.0,355.16,78.28,Normal
2026-03-12 21:01:22,AC_UNIT_001,25.69,25.42,24,54.81,1365.68,65.55,331.99,78.17,Normal
2026-03-12 22:01:22,AC_UNIT_001,23.21,26.52,22,59.95,1293.6,62.44,378.9,78.08,Normal
2026-03-12 23:01:22,AC_UNIT_001,25.59,26.29,24,47.4,1308.94,62.67,321.39,77.99,Normal
2026-03-13 00:01:22,AC_UNIT_001,24.27,25.24,23,49.08,1373.0,57.01,347.78,77.97,Normal
2026-03-13 01:01:22,AC_UNIT_001,24.56,24.73,23,51.12,1171.05,62.38,345.37,77.88,Normal
2026-03-13 02:01:22,AC_UNIT_001,25.24,24.4,24,47.35,1233.9,65.7,328.54,77.87,Normal
2026-03-13 03:01:22,AC_UNIT_001,24.61,24.86,23,48.42,1174.93,56.94,359.1,77.81,Normal
2026-03-13 04:01:22,AC_UNIT_001,25.43,25.03,24,52.8,1343.37,60.8,322.38,77.76,Normal
2026-03-13 05:01:22,AC_UNIT_001,23.93,25.42,22,46.06,1296.44,60.29,358.59,77.67,Normal
2026-03-13 06:01:22,AC_UNIT_001,23.87,24.54,22,46.26,1284.07,60.9,345.71,77.61,Normal
2026-03-13 07:01:22,AC_UNIT_001,25.65,24.15,24,54.59,1345.49,65.04,384.33,77.5,Normal
2026-03-13 08:01:22,AC_UNIT_001,24.51,32.22,23,59.44,1696.84,63.02,381.2,77.4,Normal
2026-03-13 09:01:22,AC_UNIT_001,24.5,30.48,23,50.75,1572.62,65.75,350.57,77.34,Normal
2026-03-13 10:01:22,AC_UNIT_001,24.84,28.14,23,52.79,1412.66,56.13,339.06,77.32,Normal
2026-03-13 11:01:22,AC_UNIT_001,24.47,33.88,23,47.08,1458.57,64.24,334.21,77.27,Normal
2026-03-13 12:01:22,AC_UNIT_001,23.25,28.97,22,55.94,1401.35,61.06,341.33,77.18,Normal
2026-03-13 13:01:22,AC_UNIT_001,25.26,31.62,24,54.76,1428.36,56.69,343.14,77.07,Normal
2026-03-13 14:01:22,AC_UNIT_001,25.54,30.32,24,54.86,1727.49,62.08,369.93,77.06,Normal
2026-03-13 15:01:22,AC_UNIT_001,25.68,31.84,24,53.87,1585.48,64.04,337.97,77.0,Normal
2026-03-13 16:01:22,AC_UNIT_001,25.4,29.36,24,52.93,1669.89,60.73,380.62,76.98,Normal
2026-03-13 17:01:22,AC_UNIT_001,23.54,29.61,22,54.96,1701.01,64.7,350.5,76.93,Normal
2026-03-13 18:01:22,AC_UNIT_001,24.24,30.35,23,47.25,1736.59,61.89,376.69,76.87,Normal
2026-03-13 19:01:22,AC_UNIT_001,23.06,33.17,22,49.12,1674.48,57.83,381.27,76.79,Normal
2026-03-13 20:01:22,AC_UNIT_001,25.77,26.65,24,56.64,1285.05,57.79,376.59,76.68,Normal
2026-03-13 21:01:22,AC_UNIT_001,25.75,25.51,24,60.49,1465.57,60.54,388.39,76.62,Normal
2026-03-13 22:01:22,AC_UNIT_001,24.27,24.52,23,53.83,1407.24,58.8,332.14,76.57,Normal
2026-03-13 23:01:22,AC_UNIT_001,24.99,24.78,23,60.49,1233.18,57.98,325.19,76.48,Normal
2026-03-14 00:01:22,AC_UNIT_001,25.54,26.42,24,58.39,1271.02,55.92,346.62,76.36,Normal
2026-03-14 01:01:22,AC_UNIT_001,24.06,25.36,22,48.63,1311.98,59.21,362.3,76.25,Normal
2026-03-14 02:01:22,AC_UNIT_001,25.47,25.31,24,55.67,1472.64,55.5,370.98,76.25,Normal
2026-03-14 03:01:22,AC_UNIT_001,23.93,24.63,22,53.62,1294.91,58.8,377.97,76.24,Normal
2026-03-14 04:01:22,AC_UNIT_001,24.51,24.8,23,59.76,1213.48,57.44,352.39,76.2,Normal
2026-03-14 05:01:22,AC_UNIT_001,24.8,25.37,23,51.17,1365.8,57.72,349.15,76.1,Normal
2026-03-14 06:01:22,AC_UNIT_001,25.73,25.96,24,50.19,1207.32,62.16,328.94,76.07,Normal
2026-03-14 07:01:22,AC_UNIT_001,23.14,26.76,22,57.8,1339.39,58.66,326.94,76.07,Normal
2026-03-14 08:01:22,AC_UNIT_001,25.68,29.69,24,56.76,1709.88,56.84,323.92,76.02,Normal
2026-03-14 09:01:22,AC_UNIT_001,25.9,31.08,24,52.43,1518.93,61.98,338.23,75.92,Normal
2026-03-14 10:01:22,AC_UNIT_001,25.67,31.02,24,53.85,1539.96,64.57,347.52,75.81,Normal
2026-03-14 11:01:22,AC_UNIT_001,23.32,31.72,22,54.71,1436.65,61.24,365.82,75.71,Normal
2026-03-14 12:01:22,AC_UNIT_001,23.76,31.63,22,55.11,1801.5,62.26,362.17,75.65,Normal
2026-03-14 13:01:22,AC_UNIT_001,25.09,33.4,23,56.52,1640.51,55.51,341.46,75.59,Normal
2026-03-14 14:01:22,AC_UNIT_001,25.29,29.44,24,61.04,1548.57,58.45,367.82,75.5,Normal
2026-03-14 15:01:22,AC_UNIT_001,24.28,33.79,23,55.7,1426.21,60.18,319.44,75.39,Normal
2026-03-14 16:01:22,AC_UNIT_001,25.22,32.92,24,60.43,1490.14,64.24,369.01,75.34,Normal
2026-03-14 17:01:22,AC_UNIT_001,25.98,30.65,24,47.02,1529.27,59.8,323.8,75.25,Normal
2026-03-14 18:01:22,AC_UNIT_001,25.69,28.95,24,52.11,1542.85,56.61,321.22,75.2,Normal
2026-03-14 19:01:22,AC_UNIT_001,23.33,30.12,22,47.3,1782.26,55.98,372.85,75.18,Normal
2026-03-14 20:01:22,AC_UNIT_001,26.0,26.86,24,51.94,1354.58,58.63,368.67,75.18,Normal
2026-03-14 21:01:22,AC_UNIT_001,23.85,26.66,22,51.39,1482.15,58.39,322.7,75.16,Normal
2026-03-14 22:01:22,AC_UNIT_001,25.76,24.33,24,60.51,1341.48,62.63,380.1,75.12,Normal
2026-03-14 23:01:22,AC_UNIT_001,24.97,24.04,23,55.3,1230.85,55.23,360.81,75.01,Normal
2026-03-15 00:01:22,AC_UNIT_001,25.7,25.97,24,59.56,1487.88,62.32,319.48,75.01,Normal
2026-03-15 01:01:22,AC_UNIT_001,23.4,25.64,22,61.0,1508.79,63.78,372.42,74.96,Warning - Efficiency Dropped
2026-03-15 02:01:22,AC_UNIT_001,23.76,24.25,22,60.94,1491.93,59.43,367.44,74.87,Warning - Efficiency Dropped
2026-03-15 03:01:22,AC_UNIT_001,24.25,25.3,23,54.29,1328.92,60.79,321.36,74.86,Warning - Efficiency Dropped
2026-03-15 04:01:22,AC_UNIT_001,25.68,25.89,24,49.3,1330.27,64.68,328.52,74.81,Warning - Efficiency Dropped
2026-03-15 05:01:22,AC_UNIT_001,23.31,26.66,22,55.46,1285.07,60.55,318.13,74.8,Warning - Efficiency Dropped
2026-03-15 06:01:22,AC_UNIT_001,23.2,26.47,22,52.53,1445.55,57.15,380.16,74.77,Warning - Efficiency Dropped
2026-03-15 07:01:22,AC_UNIT_001,23.21,26.56,22,55.77,1237.06,56.26,342.53,74.68,Warning - Efficiency Dropped
2026-03-15 08:01:22,AC_UNIT_001,23.81,30.55,22,48.1,1495.73,61.18,323.74,74.63,Warning - Efficiency Dropped
2026-03-15 09:01:22,AC_UNIT_001,25.43,29.73,24,58.96,1572.22,58.44,379.82,74.61,Warning - Efficiency Dropped
2026-03-15 10:01:22,AC_UNIT_001,25.26,31.03,24,50.45,1738.14,62.38,362.17,74.55,Warning - Efficiency Dropped
2026-03-15 11:01:22,AC_UNIT_001,26.01,33.13,24,57.56,1568.12,58.38,376.44,74.49,Warning - Efficiency Dropped
2026-03-15 12:01:22,AC_UNIT_001,25.21,31.92,24,54.75,1560.04,64.02,338.76,74.42,Warning - Efficiency Dropped
2026-03-15 13:01:22,AC_UNIT_001,23.99,32.05,22,48.24,1620.81,57.21,361.79,74.4,Warning - Efficiency Dropped
2026-03-15 14:01:22,AC_UNIT_001,24.31,28.44,23,52.41,1453.7,59.43,372.04,74.38,Warning - Efficiency Dropped
2026-03-15 15:01:22,AC_UNIT_001,25.33,31.04,24,49.86,1820.74,64.65,355.83,74.35,Warning - Efficiency Dropped
2026-03-15 16:01:22,AC_UNIT_001,25.83,33.68,24,47.36,1596.07,60.83,342.49,74.32,Warning - Efficiency Dropped
2026-03-15 17:01:22,AC_UNIT_001,24.68,32.65,23,55.58,1524.23,60.72,348.91,74.32,Warning - Efficiency Dropped
2026-03-15 18:01:22,AC_UNIT_001,24.94,33.91,23,60.65,1789.89,64.39,368.23,74.27,Warning - Efficiency Dropped
2026-03-15 19:01:22,AC_UNIT_001,23.76,31.24,22,50.41,1791.51,60.21,322.77,74.15,Warning - Efficiency Dropped
2026-03-15 20:01:22,AC_UNIT_001,24.55,24.04,23,57.14,1514.98,61.56,330.58,74.04,Warning - Efficiency Dropped
2026-03-15 21:01:22,AC_UNIT_001,24.32,26.93,23,61.34,1392.25,55.34,378.92,74.04,Warning - Efficiency Dropped
2026-03-15 22:01:22,AC_UNIT_001,24.32,26.21,23,52.4,1347.74,54.87,321.57,73.95,Warning - Efficiency Dropped
2026-03-15 23:01:22,AC_UNIT_001,23.63,25.91,22,58.11,1502.92,61.56,350.87,73.92,Warning - Efficiency Dropped
2026-03-16 00:01:22,AC_UNIT_001,25.55,26.52,24,52.66,1499.24,62.6,378.19,73.8,Warning - Efficiency Dropped
2026-03-16 01:01:22,AC_UNIT_001,24.98,25.61,23,57.56,1394.16,62.11,379.62,73.72,Warning - Efficiency Dropped
2026-03-16 02:01:22,AC_UNIT_001,24.76,24.9,23,59.56,1294.17,54.97,316.71,73.63,Warning - Efficiency Dropped
2026-03-16 03:01:22,AC_UNIT_001,24.88,24.61,23,60.65,1475.18,62.5,325.31,73.56,Warning - Efficiency Dropped
2026-03-16 04:01:22,AC_UNIT_001,25.89,25.29,24,52.43,1399.17,54.9,358.25,73.45,Warning - Efficiency Dropped
2026-03-16 05:01:22,AC_UNIT_001,23.83,26.07,22,50.9,1280.91,54.92,346.44,73.41,Warning - Efficiency Dropped
2026-03-16 06:01:22,AC_UNIT_001,25.63,26.75,24,56.17,1477.04,63.0,349.01,73.35,Warning - Efficiency Dropped
2026-03-16 07:01:22,AC_UNIT_001,23.48,24.33,22,51.32,1423.93,60.82,372.41,73.23,Warning - Efficiency Dropped
2026-03-16 08:01:22,AC_UNIT_001,24.3,29.31,23,59.64,1452.85,60.66,379.65,73.2,Warning - Efficiency Dropped
2026-03-16 09:01:22,AC_UNIT_001,25.37,30.17,24,60.54,1665.96,57.64,382.57,73.16,Warning - Efficiency Dropped
2026-03-16 10:01:22,AC_UNIT_001,25.49,31.71,24,60.14,1631.83,61.88,368.62,73.11,Warning - Efficiency Dropped
2026-03-16 11:01:22,AC_UNIT_001,24.83,29.13,23,49.56,1845.09,57.99,338.71,73.08,Warning - Efficiency Dropped
2026-03-16 12:01:22,AC_UNIT_001,25.86,31.22,24,53.06,1470.83,63.78,354.81,72.99,Warning - Efficiency Dropped
2026-03-16 13:01:22,AC_UNIT_001,24.0,31.04,22,49.04,1621.63,63.24,333.06,72.93,Warning - Efficiency Dropped
2026-03-16 14:01:22,AC_UNIT_001,24.25,30.52,22,59.95,1576.53,57.01,374.17,72.86,Warning - Efficiency Dropped
2026-03-16 15:01:22,AC_UNIT_001,25.37,29.3,24,50.15,1552.08,57.61,375.76,72.84,Warning - Efficiency Dropped
2026-03-16 16:01:22,AC_UNIT_001,23.32,31.45,22,59.63,1487.28,61.64,338.26,72.76,Warning - Efficiency Dropped
2026-03-16 17:01:22,AC_UNIT_001,24.25,32.91,22,47.9,1716.46,62.7,322.18,72.7,Warning - Efficiency Dropped
2026-03-16 18:01:22,AC_UNIT_001,23.71,33.92,22,59.28,1807.73,57.02,338.47,72.58,Warning - Efficiency Dropped
2026-03-16 19:01:22,AC_UNIT_001,25.58,32.49,24,49.11,1503.27,56.46,359.88,72.55,Warning - Efficiency Dropped
2026-03-16 20:01:22,AC_UNIT_001,23.39,26.39,22,48.43,1512.28,56.41,320.39,72.5,Warning - Efficiency Dropped
2026-03-16 21:01:22,AC_UNIT_001,24.29,26.29,22,58.75,1351.57,59.72,314.12,72.44,Warning - Efficiency Dropped
2026-03-16 22:01:22,AC_UNIT_001,25.54,24.7,24,50.22,1534.39,62.51,333.79,72.39,Warning - Efficiency Dropped
2026-03-16 23:01:22,AC_UNIT_001,24.4,26.81,23,51.7,1318.41,57.0,374.75,72.38,Warning - Efficiency Dropped
2026-03-17 00:01:22,AC_UNIT_001,25.84,24.82,24,56.98,1526.41,55.31,368.46,72.37,Warning - Efficiency Dropped
2026-03-17 01:01:22,AC_UNIT_001,24.64,24.57,23,50.0,1307.63,59.67,358.47,72.33,Warning - Efficiency Dropped
2026-03-17 02:01:22,AC_UNIT_001,24.45,26.92,23,54.55,1349.99,62.99,345.8,72.26,Warning - Efficiency Dropped
2026-03-17 03:01:22,AC_UNIT_001,24.89,25.15,23,56.57,1408.42,54.6,324.9,72.24,Warning - Efficiency Dropped
2026-03-17 04:01:22,AC_UNIT_001,26.01,26.64,24,59.7,1489.89,60.51,321.73,72.13,Warning - Efficiency Dropped
2026-03-17 05:01:22,AC_UNIT_001,25.06,25.68,23,54.84,1278.11,55.47,349.65,72.08,Warning - Efficiency Dropped
2026-03-17 06:01:22,AC_UNIT_001,23.86,26.64,22,57.02,1333.35,54.66,320.24,71.97,Warning - Efficiency Dropped
2026-03-17 07:01:22,AC_UNIT_001,26.18,26.15,24,50.89,1413.96,55.39,324.07,71.87,Warning - Efficiency Dropped
2026-03-17 08:01:22,AC_UNIT_001,26.11,28.52,24,60.91,1721.77,62.5,351.5,71.84,Warning - Efficiency Dropped
2026-03-17 09:01:22,AC_UNIT_001,24.99,28.03,23,55.33,1771.23,57.92,361.12,71.78,Warning - Efficiency Dropped
2026-03-17 10:01:22,AC_UNIT_001,26.13,28.19,24,61.42,1735.37,56.83,312.4,71.67,Warning - Efficiency Dropped
2026-03-17 11:01:22,AC_UNIT_001,24.22,33.65,22,50.7,1528.15,56.32,367.43,71.66,Warning - Efficiency Dropped
2026-03-17 12:01:22,AC_UNIT_001,24.45,31.89,23,48.0,1647.09,55.73,318.06,71.64,Warning - Efficiency Dropped
2026-03-17 13:01:22,AC_UNIT_001,25.9,30.77,24,54.58,1678.64,59.41,374.02,71.59,Warning - Efficiency Dropped
2026-03-17 14:01:22,AC_UNIT_001,24.12,30.73,22,56.15,1732.66,54.28,349.67,71.56,Warning - Efficiency Dropped
2026-03-17 15:01:22,AC_UNIT_001,24.07,33.44,22,58.54,1614.14,53.86,368.59,71.48,Warning - Efficiency Dropped
2026-03-17 16:01:22,AC_UNIT_001,23.75,29.46,22,51.76,1495.17,58.71,368.98,71.43,Warning - Efficiency Dropped
2026-03-17 17:01:22,AC_UNIT_001,24.11,28.53,22,50.28,1630.68,60.73,333.49,71.34,Warning - Efficiency Dropped
2026-03-17 18:01:22,AC_UNIT_001,26.1,31.84,24,54.83,1632.76,55.84,375.17,71.23,Warning - Efficiency Dropped
2026-03-17 19:01:22,AC_UNIT_001,24.15,31.18,22,59.24,1678.47,56.28,372.11,71.2,Warning - Efficiency Dropped
2026-03-17 20:01:22,AC_UNIT_001,25.78,26.86,24,50.86,1419.18,58.44,321.32,71.19,Warning - Efficiency Dropped
2026-03-17 21:01:22,AC_UNIT_001,25.26,26.28,23,50.25,1546.87,59.07,380.16,71.11,Warning - Efficiency Dropped
2026-03-17 22:01:22,AC_UNIT_001,25.9,25.86,24,54.75,1444.59,55.16,332.5,71.02,Warning - Efficiency Dropped
2026-03-17 23:01:22,AC_UNIT_001,25.42,24.13,23,51.01,1570.92,56.62,361.9,70.9,Warning - Efficiency Dropped
2026-03-18 00:01:22,AC_UNIT_001,24.69,25.97,23,61.79,1304.12,56.25,366.26,70.84,Warning - Efficiency Dropped
2026-03-18 01:01:22,AC_UNIT_001,25.76,25.09,24,55.82,1344.66,62.6,344.31,70.81,Warning - Efficiency Dropped
2026-03-18 02:01:22,AC_UNIT_001,25.92,24.75,24,52.19,1362.29,59.06,376.66,70.81,Warning - Efficiency Dropped
2026-03-18 03:01:22,AC_UNIT_001,25.29,25.66,23,56.77,1456.85,61.41,377.62,70.72,Warning - Efficiency Dropped
2026-03-18 04:01:22,AC_UNIT_001,25.75,26.64,24,58.89,1360.03,57.9,329.04,70.6,Warning - Efficiency Dropped
2026-03-18 05:01:22,AC_UNIT_001,26.41,26.11,24,50.31,1433.29,55.05,329.55,70.57,Warning - Efficiency Dropped
2026-03-18 06:01:22,AC_UNIT_001,24.25,25.91,22,51.24,1588.39,57.24,376.36,70.56,Warning - Efficiency Dropped
2026-03-18 07:01:22,AC_UNIT_001,24.58,24.58,23,60.32,1454.78,61.82,325.41,70.44,Warning - Efficiency Dropped
2026-03-18 08:01:22,AC_UNIT_001,26.08,29.79,24,61.46,1877.67,56.22,321.11,70.33,Warning - Efficiency Dropped
2026-03-18 09:01:22,AC_UNIT_001,26.14,30.95,24,58.43,1698.09,54.6,329.51,70.22,Warning - Efficiency Dropped
2026-03-18 10:01:22,AC_UNIT_001,26.07,30.01,24,50.0,1742.66,55.52,325.85,70.14,Warning - Efficiency Dropped
2026-03-18 11:01:22,AC_UNIT_001,24.13,30.56,22,59.6,1752.82,57.39,340.61,70.11,Warning - Efficiency Dropped
2026-03-18 12:01:22,AC_UNIT_001,25.17,30.08,23,62.75,1774.27,61.15,378.22,70.09,Warning - Efficiency Dropped
2026-03-18 13:01:22,AC_UNIT_001,23.77,29.7,22,49.59,1642.82,61.31,363.39,70.03,Warning - Efficiency Dropped
2026-03-18 14:01:22,AC_UNIT_001,26.2,29.85,24,55.03,1880.34,61.43,377.59,69.98,Warning - Efficiency Dropped
2026-03-18 15:01:22,AC_UNIT_001,26.2,33.18,24,60.95,1793.32,53.82,311.64,69.9,Warning - Efficiency Dropped
2026-03-18 16:01:22,AC_UNIT_001,25.68,33.15,24,50.51,1866.93,59.92,362.3,69.88,Warning - Efficiency Dropped
2026-03-18 17:01:22,AC_UNIT_001,25.31,29.42,23,59.44,1665.24,58.07,376.84,69.87,Warning - Efficiency Dropped
2026-03-18 18:01:22,AC_UNIT_001,24.14,28.6,22,59.46,1701.41,58.67,364.63,69.83,Warning - Efficiency Dropped
2026-03-18 19:01:22,AC_UNIT_001,25.48,29.09,23,53.55,1604.27,54.06,360.79,69.81,Warning - Efficiency Dropped
2026-03-18 20:01:22,AC_UNIT_001,25.86,25.06,24,55.24,1454.24,56.0,340.73,69.76,Warning - Efficiency Dropped
2026-03-18 21:01:22,AC_UNIT_001,24.59,25.05,23,61.77,1573.02,60.4,354.87,69.66,Warning - Efficiency Dropped
2026-03-18 22:01:22,AC_UNIT_001,24.37,24.28,22,61.15,1577.09,57.91,366.85,69.65,Warning - Efficiency Dropped
2026-03-18 23:01:22,AC_UNIT_001,26.3,24.74,24,55.84,1462.43,59.92,361.31,69.62,Warning - Efficiency Dropped
2026-03-19 00:01:22,AC_UNIT_001,25.82,25.52,24,59.87,1370.9,53.99,324.14,69.55,Warning - Efficiency Dropped
2026-03-19 01:01:22,AC_UNIT_001,26.48,25.88,24,60.66,1531.37,55.55,346.7,69.47,Warning - Efficiency Dropped
2026-03-19 02:01:22,AC_UNIT_001,25.31,24.04,23,60.89,1380.75,61.16,359.88,69.39,Warning - Efficiency Dropped
2026-03-19 03:01:22,AC_UNIT_001,23.65,26.78,22,62.65,1540.25,54.46,338.22,69.28,Warning - Efficiency Dropped
2026-03-19 04:01:22,AC_UNIT_001,25.26,26.14,23,58.24,1585.33,59.83,316.91,69.17,Warning - Efficiency Dropped
2026-03-19 05:01:22,AC_UNIT_001,23.76,26.73,22,57.24,1315.11,61.25,325.16,69.17,Warning - Efficiency Dropped
2026-03-19 06:01:22,AC_UNIT_001,23.99,26.45,22,57.81,1547.51,62.35,335.79,69.12,Warning - Efficiency Dropped
2026-03-19 07:01:22,AC_UNIT_001,25.89,24.93,24,58.61,1468.86,53.81,377.25,69.01,Warning - Efficiency Dropped
2026-03-19 08:01:22,AC_UNIT_001,24.44,28.48,22,55.01,1638.68,55.8,325.72,69.0,Warning - Efficiency Dropped
2026-03-19 09:01:22,AC_UNIT_001,26.09,31.44,24,57.47,1847.54,55.77,322.55,68.92,Warning - Efficiency Dropped
2026-03-19 10:01:22,AC_UNIT_001,26.14,29.61,24,50.21,1724.8,53.22,376.34,68.85,Warning - Efficiency Dropped
2026-03-19 11:01:22,AC_UNIT_001,25.75,31.37,24,62.9,1663.51,56.79,310.69,68.84,Warning - Efficiency Dropped
2026-03-19 12:01:22,AC_UNIT_001,25.73,28.11,24,61.3,1911.53,54.68,364.23,68.82,Warning - Efficiency Dropped
2026-03-19 13:01:22,AC_UNIT_001,25.04,29.1,23,60.09,1745.49,57.78,309.89,68.8,Warning - Efficiency Dropped
2026-03-19 14:01:22,AC_UNIT_001,26.09,32.34,24,61.28,1623.65,57.97,342.68,68.71,Warning - Efficiency Dropped
2026-03-19 15:01:22,AC_UNIT_001,25.46,33.46,23,58.4,1829.95,52.63,346.68,68.63,Warning - Efficiency Dropped
2026-03-19 16:01:22,AC_UNIT_001,25.09,29.17,23,53.97,1833.63,54.68,359.74,68.61,Warning - Efficiency Dropped
2026-03-19 17:01:22,AC_UNIT_001,23.66,29.56,22,54.12,1716.31,52.78,346.65,68.52,Warning - Efficiency Dropped
2026-03-19 18:01:22,AC_UNIT_001,23.83,28.14,22,62.48,1866.47,55.78,377.7,68.51,Warning - Efficiency Dropped
2026-03-19 19:01:22,AC_UNIT_001,24.47,32.89,22,50.05,1902.77,54.52,335.02,68.4,Warning - Efficiency Dropped
2026-03-19 20:01:22,AC_UNIT_001,24.59,26.31,22,53.05,1487.39,52.91,354.86,68.38,Warning - Efficiency Dropped
2026-03-19 21:01:22,AC_UNIT_001,25.93,25.03,24,53.8,1363.66,59.75,343.56,68.27,Warning - Efficiency Dropped
2026-03-19 22:01:22,AC_UNIT_001,25.92,26.38,24,49.93,1567.04,54.74,318.09,68.22,Warning - Efficiency Dropped
2026-03-19 23:01:22,AC_UNIT_001,26.46,24.44,24,53.46,1622.42,60.47,325.28,68.13,Warning - Efficiency Dropped
2026-03-20 00:01:22,AC_UNIT_001,24.53,25.76,22,63.16,1552.11,61.35,317.02,68.09,Warning - Efficiency Dropped
2026-03-20 01:01:22,AC_UNIT_001,25.54,24.97,23,58.22,1484.3,60.01,366.8,68.06,Warning - Efficiency Dropped
2026-03-20 02:01:22,AC_UNIT_001,24.8,25.64,23,51.98,1476.98,53.5,333.77,67.97,Warning - Efficiency Dropped
2026-03-20 03:01:22,AC_UNIT_001,24.3,25.93,22,59.1,1608.83,54.69,351.84,67.96,Warning - Efficiency Dropped
2026-03-20 04:01:22,AC_UNIT_001,26.51,26.97,24,54.81,1479.36,59.28,359.41,67.94,Warning - Efficiency Dropped
2026-03-20 05:01:22,AC_UNIT_001,24.47,24.89,22,55.82,1378.13,52.94,314.05,67.94,Warning - Efficiency Dropped
2026-03-20 06:01:22,AC_UNIT_001,25.65,26.54,24,57.36,1529.9,56.14,351.54,67.93,Warning - Efficiency Dropped
2026-03-20 07:01:22,AC_UNIT_001,25.06,24.54,23,63.28,1634.5,55.15,365.25,67.88,Warning - Efficiency Dropped
2026-03-20 08:01:22,AC_UNIT_001,26.45,31.67,24,54.04,1790.51,55.87,307.38,67.85,Warning - Efficiency Dropped
2026-03-20 09:01:22,AC_UNIT_001,24.3,32.89,22,60.47,1907.89,55.48,356.32,67.75,Warning - Efficiency Dropped
2026-03-20 10:01:22,AC_UNIT_001,24.99,29.37,23,52.28,1908.42,56.55,345.51,67.68,Warning - Efficiency Dropped
2026-03-20 11:01:22,AC_UNIT_001,24.3,32.91,22,61.62,1701.69,61.45,356.6,67.63,Warning - Efficiency Dropped
2026-03-20 12:01:22,AC_UNIT_001,26.29,32.1,24,57.41,1850.12,53.36,342.78,67.59,Warning - Efficiency Dropped
2026-03-20 13:01:22,AC_UNIT_001,23.85,33.88,22,54.24,1752.0,60.85,358.5,67.55,Warning - Efficiency Dropped
2026-03-20 14:01:22,AC_UNIT_001,24.11,33.39,22,53.71,1757.52,55.86,325.04,67.45,Warning - Efficiency Dropped
2026-03-20 15:01:22,AC_UNIT_001,24.92,29.65,23,60.45,1789.24,61.8,320.78,67.39,Warning - Efficiency Dropped
2026-03-20 16:01:22,AC_UNIT_001,25.95,31.01,24,52.09,1819.68,59.01,334.34,67.31,Warning - Efficiency Dropped
2026-03-20 17:01:22,AC_UNIT_001,25.83,33.35,24,58.65,1736.63,61.55,322.61,67.19,Warning - Efficiency Dropped
2026-03-20 18:01:22,AC_UNIT_001,24.68,28.79,22,62.05,1941.7,56.59,323.58,67.18,Warning - Efficiency Dropped
2026-03-20 19:01:22,AC_UNIT_001,26.29,32.26,24,56.76,1851.33,56.82,356.38,67.15,Warning - Efficiency Dropped
2026-03-20 20:01:22,AC_UNIT_001,24.92,26.71,23,53.13,1632.97,56.92,366.81,67.06,Warning - Efficiency Dropped
2026-03-20 21:01:22,AC_UNIT_001,25.78,24.27,24,59.16,1629.67,59.22,325.24,67.02,Warning - Efficiency Dropped
2026-03-20 22:01:22,AC_UNIT_001,24.09,24.19,22,61.18,1351.93,55.11,314.44,66.93,Warning - Efficiency Dropped
2026-03-20 23:01:22,AC_UNIT_001,25.4,24.52,23,58.65,1529.36,60.69,344.37,66.91,Warning - Efficiency Dropped
2026-03-21 00:01:22,AC_UNIT_001,23.91,24.59,22,62.57,1429.69,58.85,317.01,66.83,Warning - Efficiency Dropped
2026-03-21 01:01:22,AC_UNIT_001,26.36,26.68,24,54.96,1363.03,56.89,311.03,66.77,Warning - Efficiency Dropped
2026-03-21 02:01:22,AC_UNIT_001,24.9,25.79,23,55.94,1494.34,60.04,342.26,66.72,Warning - Efficiency Dropped
2026-03-21 03:01:22,AC_UNIT_001,25.33,24.36,23,56.53,1463.8,52.96,363.63,66.72,Warning - Efficiency Dropped
2026-03-21 04:01:22,AC_UNIT_001,24.07,25.64,22,53.99,1543.54,55.17,318.22,66.64,Warning - Efficiency Dropped
2026-03-21 05:01:22,AC_UNIT_001,26.4,25.69,24,55.79,1601.51,59.51,347.98,66.61,Warning - Efficiency Dropped
2026-03-21 06:01:22,AC_UNIT_001,26.3,25.08,24,59.98,1508.14,56.03,345.98,66.54,Warning - Efficiency Dropped
2026-03-21 07:01:22,AC_UNIT_001,26.38,25.83,24,61.1,1402.37,54.46,333.62,66.52,Warning - Efficiency Dropped
2026-03-21 08:01:22,AC_UNIT_001,26.48,32.38,24,55.41,1633.41,52.26,309.89,66.42,Warning - Efficiency Dropped
2026-03-21 09:01:22,AC_UNIT_001,23.92,29.63,22,56.74,1740.09,60.28,355.41,66.31,Warning - Efficiency Dropped
2026-03-21 10:01:22,AC_UNIT_001,26.51,33.24,24,51.25,1823.08,59.36,364.5,66.21,Warning - Efficiency Dropped
2026-03-21 11:01:22,AC_UNIT_001,24.15,30.34,22,59.49,1958.18,54.24,342.88,66.13,Warning - Efficiency Dropped
2026-03-21 12:01:22,AC_UNIT_001,25.85,33.11,24,54.58,1715.02,53.33,343.11,66.07,Warning - Efficiency Dropped
2026-03-21 13:01:22,AC_UNIT_001,25.88,32.53,24,49.97,1783.25,53.15,362.88,66.02,Warning - Efficiency Dropped
2026-03-21 14:01:22,AC_UNIT_001,24.75,32.68,22,56.53,1943.74,52.19,307.18,66.01,Warning - Efficiency Dropped
2026-03-21 15:01:22,AC_UNIT_001,24.84,29.3,23,60.4,1729.89,53.61,366.16,65.9,Warning - Efficiency Dropped
2026-03-21 16:01:22,AC_UNIT_001,26.59,31.8,24,51.23,1949.08,60.07,356.75,65.8,Warning - Efficiency Dropped
2026-03-21 17:01:22,AC_UNIT_001,24.94,30.8,23,59.99,1969.39,57.97,344.09,65.71,Warning - Efficiency Dropped
2026-03-21 18:01:22,AC_UNIT_001,25.37,29.89,23,59.44,1626.4,52.97,331.44,65.62,Warning - Efficiency Dropped
2026-03-21 19:01:22,AC_UNIT_001,23.96,28.9,22,54.92,1713.82,58.79,324.89,65.54,Warning - Efficiency Dropped
2026-03-21 20:01:22,AC_UNIT_001,26.53,26.61,24,54.59,1405.98,53.02,328.81,65.51,Warning - Efficiency Dropped
2026-03-21 21:01:22,AC_UNIT_001,26.43,25.33,24,59.05,1610.92,52.02,330.53,65.43,Warning - Efficiency Dropped
2026-03-21 22:01:22,AC_UNIT_001,25.01,26.51,23,52.63,1555.47,53.32,349.54,65.34,Warning - Efficiency Dropped
2026-03-21 23:01:22,AC_UNIT_001,25.75,26.24,23,55.75,1548.86,53.9,310.91,65.33,Warning - Efficiency Dropped
2026-03-22 00:01:22,AC_UNIT_001,26.12,24.73,24,60.04,1633.68,56.77,335.19,65.25,Warning - Efficiency Dropped
2026-03-22 01:01:22,AC_UNIT_001,24.18,24.6,22,52.66,1504.5,53.82,334.97,65.17,Warning - Efficiency Dropped
2026-03-22 02:01:22,AC_UNIT_001,25.49,25.04,23,56.24,1512.41,58.88,353.94,65.1,Warning - Efficiency Dropped
2026-03-22 03:01:22,AC_UNIT_001,23.85,25.07,22,50.43,1576.06,55.19,366.87,65.08,Warning - Efficiency Dropped
2026-03-22 04:01:22,AC_UNIT_001,25.5,25.58,23,62.84,1634.14,55.66,309.39,65.07,Warning - Efficiency Dropped
2026-03-22 05:01:22,AC_UNIT_001,25.5,24.06,23,61.05,1495.93,59.67,369.17,65.03,Warning - Efficiency Dropped
2026-03-22 06:01:22,AC_UNIT_001,26.77,25.69,24,52.37,1504.87,52.04,340.47,64.99,Warning - Efficiency Dropped
2026-03-22 07:01:22,AC_UNIT_001,25.84,24.11,24,52.17,1663.29,53.76,338.11,64.93,Warning - Efficiency Dropped
2026-03-22 08:01:22,AC_UNIT_001,26.17,28.25,24,50.05,1700.05,51.43,326.29,64.91,Warning - Efficiency Dropped
2026-03-22 09:01:22,AC_UNIT_001,24.5,28.11,22,52.85,1954.01,59.47,309.53,64.84,Warning - Efficiency Dropped
2026-03-22 10:01:22,AC_UNIT_001,24.43,29.9,22,49.54,1920.0,54.97,307.31,64.83,Warning - Efficiency Dropped
2026-03-22 11:01:22,AC_UNIT_001,25.97,28.82,24,60.46,1845.01,52.65,354.44,64.79,Warning - Efficiency Dropped
2026-03-22 12:01:22,AC_UNIT_001,25.18,30.77,23,56.69,1729.5,53.08,334.43,64.7,Warning - Efficiency Dropped
2026-03-22 13:01:22,AC_UNIT_001,24.59,32.31,22,51.92,1857.8,59.08,359.48,64.64,Warning - Efficiency Dropped
2026-03-22 14:01:22,AC_UNIT_001,25.45,31.33,23,51.75,1593.93,60.11,354.95,64.62,Warning - Efficiency Dropped
2026-03-22 15:01:22,AC_UNIT_001,24.02,31.51,22,60.92,1609.84,57.67,334.09,64.57,Warning - Efficiency Dropped
2026-03-22 16:01:22,AC_UNIT_001,24.37,33.19,22,52.23,1769.94,57.17,351.93,64.49,Warning - Efficiency Dropped
2026-03-22 17:01:22,AC_UNIT_001,26.75,29.61,24,63.99,1816.71,51.67,320.4,64.45,Warning - Efficiency Dropped
2026-03-22 18:01:22,AC_UNIT_001,24.38,33.89,22,52.44,1752.45,54.47,371.3,64.34,Warning - Efficiency Dropped
2026-03-22 19:01:22,AC_UNIT_001,26.66,30.73,24,61.96,1635.98,51.51,335.81,64.29,Warning - Efficiency Dropped
2026-03-22 20:01:22,AC_UNIT_001,26.22,25.26,24,51.51,1693.34,50.69,341.94,64.22,Warning - Efficiency Dropped
2026-03-22 21:01:22,AC_UNIT_001,25.71,24.8,23,49.73,1513.68,56.34,330.31,64.15,Warning - Efficiency Dropped
2026-03-22 22:01:22,AC_UNIT_001,25.59,26.26,23,60.35,1681.28,58.6,327.48,64.15,Warning - Efficiency Dropped
2026-03-22 23:01:22,AC_UNIT_001,26.02,26.52,24,58.84,1408.18,52.95,342.0,64.1,Warning - Efficiency Dropped
2026-03-23 00:01:22,AC_UNIT_001,24.1,24.32,22,49.83,1509.56,60.34,340.93,63.98,Warning - Efficiency Dropped
2026-03-23 01:01:22,AC_UNIT_001,26.25,24.51,24,61.56,1532.37,53.92,336.72,63.9,Warning - Efficiency Dropped
2026-03-23 02:01:22,AC_UNIT_001,25.12,25.97,23,60.7,1638.56,59.75,317.71,63.82,Warning - Efficiency Dropped
2026-03-23 03:01:22,AC_UNIT_001,24.25,26.97,22,51.34,1564.44,59.32,341.53,63.75,Warning - Efficiency Dropped
2026-03-23 04:01:22,AC_UNIT_001,25.52,24.01,23,59.68,1420.74,54.09,306.76,63.68,Warning - Efficiency Dropped
2026-03-23 05:01:22,AC_UNIT_001,24.69,25.79,22,59.29,1468.51,56.58,327.76,63.67,Warning - Efficiency Dropped
2026-03-23 06:01:22,AC_UNIT_001,25.61,25.95,23,62.7,1456.45,52.59,319.09,63.66,Warning - Efficiency Dropped
2026-03-23 07:01:22,AC_UNIT_001,26.84,25.77,24,51.83,1594.46,57.37,305.37,63.55,Warning - Efficiency Dropped
2026-03-23 08:01:22,AC_UNIT_001,25.9,32.93,23,63.62,1641.24,54.88,325.91,63.55,Warning - Efficiency Dropped
2026-03-23 09:01:22,AC_UNIT_001,26.03,28.56,24,57.71,1844.73,53.05,311.33,63.46,Warning - Efficiency Dropped
2026-03-23 10:01:22,AC_UNIT_001,26.24,29.07,24,52.66,1883.49,50.89,309.73,63.38,Warning - Efficiency Dropped
2026-03-23 11:01:22,AC_UNIT_001,26.32,33.23,24,62.93,1695.6,58.03,337.58,63.31,Warning - Efficiency Dropped
2026-03-23 12:01:22,AC_UNIT_001,25.17,28.94,23,50.08,1989.31,51.19,311.74,63.31,Warning - Efficiency Dropped
2026-03-23 13:01:22,AC_UNIT_001,24.63,31.95,22,61.08,1870.14,51.71,322.53,63.2,Warning - Efficiency Dropped
2026-03-23 14:01:22,AC_UNIT_001,24.45,30.59,22,54.97,1835.41,54.12,315.99,63.2,Warning - Efficiency Dropped
2026-03-23 15:01:22,AC_UNIT_001,26.34,28.9,24,60.37,1662.92,53.85,325.58,63.13,Warning - Efficiency Dropped
2026-03-23 16:01:22,AC_UNIT_001,25.65,28.18,23,58.56,1878.4,56.72,357.35,63.11,Warning - Efficiency Dropped
2026-03-23 17:01:22,AC_UNIT_001,24.21,30.73,22,51.97,2015.48,59.68,313.28,63.02,Warning - Efficiency Dropped
2026-03-23 18:01:22,AC_UNIT_001,26.06,28.86,24,50.82,1695.06,50.2,359.41,62.93,Warning - Efficiency Dropped
2026-03-23 19:01:22,AC_UNIT_001,25.14,31.31,23,57.47,1782.1,53.73,335.13,62.93,Warning - Efficiency Dropped
2026-03-23 20:01:22,AC_UNIT_001,24.42,25.96,22,55.2,1631.72,58.42,339.05,62.81,Warning - Efficiency Dropped
2026-03-23 21:01:22,AC_UNIT_001,26.42,25.79,24,51.04,1529.54,53.92,303.8,62.81,Warning - Efficiency Dropped
2026-03-23 22:01:22,AC_UNIT_001,26.4,26.04,24,59.68,1604.39,54.5,360.29,62.75,Warning - Efficiency Dropped
2026-03-23 23:01:22,AC_UNIT_001,24.5,24.84,22,53.67,1574.01,57.07,339.79,62.7,Warning - Efficiency Dropped
2026-03-24 00:01:22,AC_UNIT_001,26.14,26.9,24,50.71,1627.53,52.8,339.4,62.59,Warning - Efficiency Dropped
2026-03-24 01:01:22,AC_UNIT_001,26.28,26.11,24,57.13,1515.99,52.01,326.9,62.54,Warning - Efficiency Dropped
2026-03-24 02:01:22,AC_UNIT_001,25.29,26.36,23,53.45,1710.23,50.58,359.44,62.53,Warning - Efficiency Dropped
2026-03-24 03:01:22,AC_UNIT_001,24.92,24.5,22,56.69,1621.1,55.36,312.46,62.47,Warning - Efficiency Dropped
2026-03-24 04:01:22,AC_UNIT_001,25.71,26.18,23,57.59,1723.62,58.23,348.72,62.44,Warning - Efficiency Dropped
2026-03-24 05:01:22,AC_UNIT_001,25.36,26.25,23,56.41,1697.0,54.51,335.88,62.34,Warning - Efficiency Dropped
2026-03-24 06:01:22,AC_UNIT_001,25.87,26.09,23,63.78,1576.09,50.17,342.2,62.27,Warning - Efficiency Dropped
2026-03-24 07:01:22,AC_UNIT_001,24.35,25.79,22,53.52,1628.25,55.85,302.35,62.15,Warning - Efficiency Dropped
2026-03-24 08:01:22,AC_UNIT_001,25.48,29.14,23,63.59,1800.81,52.97,315.62,62.04,Warning - Efficiency Dropped
2026-03-24 09:01:22,AC_UNIT_001,26.58,28.81,24,62.75,2015.33,55.35,357.85,61.94,Warning - Efficiency Dropped
2026-03-24 10:01:22,AC_UNIT_001,25.38,33.46,23,55.27,1666.75,52.5,317.3,61.86,Warning - Efficiency Dropped
2026-03-24 11:01:22,AC_UNIT_001,25.47,32.6,23,59.54,1743.37,58.17,334.22,61.84,Warning - Efficiency Dropped
2026-03-24 12:01:22,AC_UNIT_001,26.93,28.2,24,63.28,1646.02,52.49,319.74,61.82,Warning - Efficiency Dropped
2026-03-24 13:01:22,AC_UNIT_001,24.32,31.33,22,56.74,1821.7,59.1,368.75,61.79,Warning - Efficiency Dropped
2026-03-24 14:01:22,AC_UNIT_001,25.92,33.86,23,53.79,1734.03,55.36,332.43,61.73,Warning - Efficiency Dropped
2026-03-24 15:01:22,AC_UNIT_001,26.25,31.32,24,56.33,1783.26,58.74,313.6,61.71,Warning - Efficiency Dropped
2026-03-24 16:01:22,AC_UNIT_001,24.37,33.91,22,50.83,1928.55,50.98,335.18,61.66,Warning - Efficiency Dropped
2026-03-24 17:01:22,AC_UNIT_001,25.12,31.11,23,61.73,1711.81,59.06,330.43,61.59,Warning - Efficiency Dropped
2026-03-24 18:01:22,AC_UNIT_001,25.22,33.91,23,54.46,1791.27,55.89,327.67,61.54,Warning - Efficiency Dropped
2026-03-24 19:01:22,AC_UNIT_001,26.46,31.1,24,50.98,1972.23,57.62,342.6,61.45,Warning - Efficiency Dropped
2026-03-24 20:01:22,AC_UNIT_001,27.05,26.8,24,59.21,1684.96,57.65,321.13,61.37,Warning - Efficiency Dropped
2026-03-24 21:01:22,AC_UNIT_001,26.66,26.12,24,50.53,1678.45,57.91,337.87,61.34,Warning - Efficiency Dropped
2026-03-24 22:01:22,AC_UNIT_001,25.99,25.2,23,62.4,1490.7,53.3,318.7,61.27,Warning - Efficiency Dropped
2026-03-24 23:01:22,AC_UNIT_001,25.33,26.22,23,63.68,1708.22,58.15,342.65,61.2,Warning - Efficiency Dropped
2026-03-25 00:01:22,AC_UNIT_001,26.35,24.31,24,54.03,1561.42,52.32,344.77,61.12,Warning - Efficiency Dropped
2026-03-25 01:01:22,AC_UNIT_001,24.13,26.66,22,55.31,1568.42,53.78,338.43,61.1,Warning - Efficiency Dropped
2026-03-25 02:01:22,AC_UNIT_001,26.75,26.0,24,53.62,1489.73,53.78,308.85,61.04,Warning - Efficiency Dropped
2026-03-25 03:01:22,AC_UNIT_001,26.84,25.0,24,58.54,1450.09,50.93,347.19,61.04,Warning - Efficiency Dropped
2026-03-25 04:01:22,AC_UNIT_001,25.6,26.09,23,56.33,1470.75,57.69,353.36,61.0,Warning - Efficiency Dropped
2026-03-25 05:01:22,AC_UNIT_001,25.59,25.37,23,57.88,1486.82,52.09,298.53,60.99,Warning - Efficiency Dropped
2026-03-25 06:01:22,AC_UNIT_001,26.46,26.1,24,52.38,1700.04,56.86,351.67,60.95,Warning - Efficiency Dropped
2026-03-25 07:01:22,AC_UNIT_001,24.17,24.77,22,56.43,1592.92,49.86,340.66,60.92,Warning - Efficiency Dropped
2026-03-25 08:01:22,AC_UNIT_001,24.31,30.3,22,57.32,1736.35,57.07,346.04,60.86,Warning - Efficiency Dropped
2026-03-25 09:01:22,AC_UNIT_001,26.19,30.41,24,55.65,1714.21,58.33,354.06,60.84,Warning - Efficiency Dropped
2026-03-25 10:01:22,AC_UNIT_001,25.73,32.58,23,56.62,2021.12,51.09,322.24,60.75,Warning - Efficiency Dropped
2026-03-25 11:01:22,AC_UNIT_001,24.36,32.78,22,57.48,1711.61,53.25,356.32,60.71,Warning - Efficiency Dropped
2026-03-25 12:01:22,AC_UNIT_001,25.72,28.61,23,61.88,1989.54,50.06,344.29,60.61,Warning - Efficiency Dropped
2026-03-25 13:01:22,AC_UNIT_001,26.53,29.09,24,58.96,2011.94,51.83,366.07,60.55,Warning - Efficiency Dropped
2026-03-25 14:01:22,AC_UNIT_001,25.83,31.39,23,61.66,1681.61,51.27,309.99,60.45,Warning - Efficiency Dropped
2026-03-25 15:01:22,AC_UNIT_001,25.89,30.04,23,60.58,1739.34,57.08,333.94,60.36,Warning - Efficiency Dropped
2026-03-25 16:01:22,AC_UNIT_001,25.61,32.35,23,55.44,1718.23,55.57,331.39,60.34,Warning - Efficiency Dropped
2026-03-25 17:01:22,AC_UNIT_001,24.84,28.79,22,59.4,1771.18,54.57,322.53,60.27,Warning - Efficiency Dropped
2026-03-25 18:01:22,AC_UNIT_001,24.7,30.84,22,52.53,1814.29,56.14,310.45,60.22,Warning - Efficiency Dropped
2026-03-25 19:01:22,AC_UNIT_001,27.15,28.97,24,52.94,1844.22,50.69,351.58,60.16,Warning - Efficiency Dropped
2026-03-25 20:01:22,AC_UNIT_001,26.59,24.62,24,58.18,1486.71,51.8,355.76,60.13,Warning - Efficiency Dropped
2026-03-25 21:01:22,AC_UNIT_001,25.48,26.67,23,62.83,1728.75,56.7,324.37,60.1,Warning - Efficiency Dropped
2026-03-25 22:01:22,AC_UNIT_001,26.49,25.15,24,58.06,1581.33,58.56,314.06,60.01,Warning - Efficiency Dropped
2026-03-25 23:01:22,AC_UNIT_001,27.11,25.35,24,63.71,1529.17,57.76,361.24,60.01,Warning - Efficiency Dropped
2026-03-26 00:01:22,AC_UNIT_001,26.21,26.44,24,59.93,1646.54,58.5,321.62,59.95,Warning - Efficiency Dropped
2026-03-26 01:01:22,AC_UNIT_001,24.49,25.17,22,61.22,1714.42,52.08,339.05,59.84,Warning - Efficiency Dropped
2026-03-26 02:01:22,AC_UNIT_001,26.2,25.69,24,58.75,1663.74,52.15,338.91,59.78,Warning - Efficiency Dropped
2026-03-26 03:01:22,AC_UNIT_001,25.95,25.55,23,56.56,1619.45,51.18,335.63,59.66,Warning - Efficiency Dropped
2026-03-26 04:01:22,AC_UNIT_001,25.2,24.82,23,58.41,1619.58,52.09,335.85,59.56,Warning - Efficiency Dropped
2026-03-26 05:01:22,AC_UNIT_001,26.97,25.86,24,63.68,1745.77,53.94,310.71,59.51,Warning - Efficiency Dropped
2026-03-26 06:01:22,AC_UNIT_001,25.45,25.06,23,59.55,1686.88,54.67,347.82,59.43,Warning - Efficiency Dropped
2026-03-26 07:01:22,AC_UNIT_001,25.23,24.04,23,54.35,1545.25,52.81,343.33,59.32,Warning - Efficiency Dropped
2026-03-26 08:01:22,AC_UNIT_001,26.97,32.58,24,54.92,1893.22,57.54,326.8,59.28,Warning - Efficiency Dropped
2026-03-26 09:01:22,AC_UNIT_001,26.27,30.47,24,59.44,1730.14,49.4,314.19,59.27,Warning - Efficiency Dropped
2026-03-26 10:01:22,AC_UNIT_001,25.27,28.25,23,62.43,1795.98,57.64,352.92,59.17,Warning - Efficiency Dropped
2026-03-26 11:01:22,AC_UNIT_001,24.56,30.41,22,58.72,1894.63,48.93,344.32,59.15,Warning - Efficiency Dropped
2026-03-26 12:01:22,AC_UNIT_001,26.98,30.85,24,57.18,1756.05,51.66,333.58,59.03,Warning - Efficiency Dropped
2026-03-26 13:01:22,AC_UNIT_001,24.74,31.82,22,53.27,1773.67,54.17,351.56,58.98,Warning - Efficiency Dropped
2026-03-26 14:01:22,AC_UNIT_001,26.77,32.2,24,64.14,2065.52,57.36,297.37,58.93,Warning - Efficiency Dropped
2026-03-26 15:01:22,AC_UNIT_001,25.22,32.02,22,63.68,1964.34,53.2,333.4,58.87,Warning - Efficiency Dropped
2026-03-26 16:01:22,AC_UNIT_001,25.74,31.89,23,52.92,1934.04,58.17,359.71,58.75,Warning - Efficiency Dropped
2026-03-26 17:01:22,AC_UNIT_001,25.19,28.86,22,64.0,1877.32,55.0,312.43,58.63,Warning - Efficiency Dropped
2026-03-26 18:01:22,AC_UNIT_001,25.07,32.2,22,53.64,1916.91,49.82,347.65,58.54,Warning - Efficiency Dropped
2026-03-26 19:01:22,AC_UNIT_001,26.38,29.02,24,63.2,1964.75,48.52,345.96,58.45,Warning - Efficiency Dropped
2026-03-26 20:01:22,AC_UNIT_001,24.64,26.33,22,57.25,1749.07,56.24,346.78,58.43,Warning - Efficiency Dropped
2026-03-26 21:01:22,AC_UNIT_001,24.54,24.91,22,58.21,1785.18,52.76,299.38,58.43,Warning - Efficiency Dropped
2026-03-26 22:01:22,AC_UNIT_001,24.79,24.67,22,59.38,1523.17,57.35,320.77,58.42,Warning - Efficiency Dropped
2026-03-26 23:01:22,AC_UNIT_001,25.28,26.38,23,60.11,1650.8,50.71,350.33,58.4,Warning - Efficiency Dropped
2026-03-27 00:01:22,AC_UNIT_001,25.77,26.87,23,62.54,1705.85,55.39,329.09,58.33,Warning - Efficiency Dropped
2026-03-27 01:01:22,AC_UNIT_001,24.65,24.48,22,59.58,1622.79,49.74,308.15,58.27,Warning - Efficiency Dropped
2026-03-27 02:01:22,AC_UNIT_001,25.07,24.87,22,59.69,1561.56,51.22,340.75,58.26,Warning - Efficiency Dropped
2026-03-27 03:01:22,AC_UNIT_001,25.38,26.62,23,60.66,1532.78,51.42,305.91,58.2,Warning - Efficiency Dropped
2026-03-27 04:01:22,AC_UNIT_001,24.39,25.42,22,54.2,1543.57,51.53,351.08,58.15,Warning - Efficiency Dropped
2026-03-27 05:01:22,AC_UNIT_001,27.23,25.1,24,54.89,1662.99,55.2,363.95,58.09,Warning - Efficiency Dropped
2026-03-27 06:01:22,AC_UNIT_001,26.36,26.55,24,57.19,1542.31,52.55,297.24,58.06,Warning - Efficiency Dropped
2026-03-27 07:01:22,AC_UNIT_001,27.09,24.68,24,54.18,1799.48,53.07,321.84,58.02,Warning - Efficiency Dropped
2026-03-27 08:01:22,AC_UNIT_001,27.2,28.74,24,60.03,1724.75,48.64,352.63,57.93,Warning - Efficiency Dropped
2026-03-27 09:01:22,AC_UNIT_001,26.28,30.04,23,54.38,2053.28,52.22,360.56,57.82,Warning - Efficiency Dropped
2026-03-27 10:01:22,AC_UNIT_001,25.95,29.2,23,56.28,1716.34,51.59,341.41,57.75,Warning - Efficiency Dropped
2026-03-27 11:01:22,AC_UNIT_001,25.74,30.91,23,63.82,1830.13,49.38,304.35,57.72,Warning - Efficiency Dropped
2026-03-27 12:01:22,AC_UNIT_001,25.06,28.39,22,58.61,1913.97,50.3,298.87,57.64,Warning - Efficiency Dropped
2026-03-27 13:01:22,AC_UNIT_001,27.01,29.5,24,59.78,1926.64,48.53,314.9,57.58,Warning - Efficiency Dropped
2026-03-27 14:01:22,AC_UNIT_001,25.48,30.38,23,58.71,2081.61,48.52,342.31,57.48,Warning - Efficiency Dropped
2026-03-27 15:01:22,AC_UNIT_001,25.35,31.28,23,56.3,1979.25,49.34,311.75,57.37,Warning - Efficiency Dropped
2026-03-27 16:01:22,AC_UNIT_001,26.03,28.69,23,55.12,1874.52,48.51,325.66,57.37,Warning - Efficiency Dropped
2026-03-27 17:01:22,AC_UNIT_001,25.96,33.4,23,63.03,1728.86,51.98,346.44,57.29,Warning - Efficiency Dropped
2026-03-27 18:01:22,AC_UNIT_001,26.79,29.35,24,63.55,1878.45,54.48,332.39,57.24,Warning - Efficiency Dropped
2026-03-27 19:01:22,AC_UNIT_001,26.79,29.15,24,57.26,1718.97,50.34,352.07,57.23,Warning - Efficiency Dropped
2026-03-27 20:01:22,AC_UNIT_001,26.28,26.66,23,58.4,1606.73,57.11,319.18,57.12,Warning - Efficiency Dropped
2026-03-27 21:01:22,AC_UNIT_001,25.08,26.27,22,57.3,1755.89,48.91,341.59,57.01,Warning - Efficiency Dropped
2026-03-27 22:01:22,AC_UNIT_001,25.17,25.04,22,59.88,1518.05,57.07,334.17,56.98,Warning - Efficiency Dropped
2026-03-27 23:01:22,AC_UNIT_001,24.9,24.38,22,53.56,1695.47,54.96,310.7,56.93,Warning - Efficiency Dropped
2026-03-28 00:01:22,AC_UNIT_001,24.56,26.12,22,62.15,1749.32,52.85,299.01,56.83,Warning - Efficiency Dropped
2026-03-28 01:01:22,AC_UNIT_001,27.29,24.64,24,59.88,1556.5,51.84,294.7,56.73,Warning - Efficiency Dropped
2026-03-28 02:01:22,AC_UNIT_001,24.39,25.67,22,59.68,1601.09,55.53,301.18,56.7,Warning - Efficiency Dropped
2026-03-28 03:01:22,AC_UNIT_001,26.73,26.79,24,53.17,1818.61,55.31,338.06,56.63,Warning - Efficiency Dropped
2026-03-28 04:01:22,AC_UNIT_001,26.12,24.89,23,52.49,1638.65,53.68,320.61,56.53,Warning - Efficiency Dropped
2026-03-28 05:01:22,AC_UNIT_001,26.37,26.84,23,51.88,1773.41,56.17,351.84,56.44,Warning - Efficiency Dropped
2026-03-28 06:01:22,AC_UNIT_001,26.81,24.85,24,53.83,1601.54,49.24,307.98,56.42,Warning - Efficiency Dropped
2026-03-28 07:01:22,AC_UNIT_001,25.29,26.83,22,52.23,1612.92,50.53,326.05,56.36,Warning - Efficiency Dropped
2026-03-28 08:01:22,AC_UNIT_001,24.75,30.05,22,66.45,1772.81,49.7,323.36,56.26,Warning - Efficiency Dropped
2026-03-28 09:01:22,AC_UNIT_001,25.87,30.21,23,52.07,2095.14,50.73,345.04,56.15,Warning - Efficiency Dropped
2026-03-28 10:01:22,AC_UNIT_001,27.05,32.67,24,63.15,2119.23,48.56,332.19,56.05,Warning - Efficiency Dropped
2026-03-28 11:01:22,AC_UNIT_001,25.42,33.57,22,65.2,1749.29,56.53,342.87,56.01,Warning - Efficiency Dropped
2026-03-28 12:01:22,AC_UNIT_001,24.46,29.5,22,56.55,1827.71,54.7,356.71,56.0,Warning - Efficiency Dropped
2026-03-28 13:01:22,AC_UNIT_001,25.0,30.66,22,52.55,1872.26,49.54,309.41,55.92,Warning - Efficiency Dropped
2026-03-28 14:01:22,AC_UNIT_001,26.4,29.0,23,61.4,1981.99,47.4,322.05,55.9,Warning - Efficiency Dropped
2026-03-28 15:01:22,AC_UNIT_001,24.73,31.34,22,53.37,1813.06,53.25,298.11,55.81,Warning - Efficiency Dropped
2026-03-28 16:01:22,AC_UNIT_001,26.71,31.39,24,65.49,1840.67,51.82,335.85,55.78,Warning - Efficiency Dropped
2026-03-28 17:01:22,AC_UNIT_001,25.85,30.01,23,62.45,1975.24,48.36,325.38,55.73,Warning - Efficiency Dropped
2026-03-28 18:01:22,AC_UNIT_001,26.25,31.33,23,65.39,2029.71,51.75,312.65,55.7,Warning - Efficiency Dropped
2026-03-28 19:01:22,AC_UNIT_001,24.52,31.37,22,54.99,2020.73,49.8,317.69,55.61,Warning - Efficiency Dropped
2026-03-28 20:01:22,AC_UNIT_001,26.98,24.91,24,61.61,1549.39,51.63,308.21,55.56,Warning - Efficiency Dropped
2026-03-28 21:01:22,AC_UNIT_001,24.66,26.63,22,63.63,1604.99,52.5,328.66,55.51,Warning - Efficiency Dropped
2026-03-28 22:01:22,AC_UNIT_001,26.36,26.27,23,57.89,1604.5,47.62,320.09,55.42,Warning - Efficiency Dropped
2026-03-28 23:01:22,AC_UNIT_001,24.59,25.11,22,56.46,1704.7,55.44,290.76,55.41,Warning - Efficiency Dropped
2026-03-29 00:01:22,AC_UNIT_001,26.29,25.31,23,65.43,1578.29,49.85,328.43,55.38,Warning - Efficiency Dropped
2026-03-29 01:01:22,AC_UNIT_001,27.24,25.57,24,63.58,1618.93,51.07,352.26,55.33,Warning - Efficiency Dropped
2026-03-29 02:01:22,AC_UNIT_001,27.21,25.73,24,55.99,1619.63,50.87,312.98,55.33,Warning - Efficiency Dropped
2026-03-29 03:01:22,AC_UNIT_001,27.14,25.89,24,66.57,1549.31,52.39,345.41,55.26,Warning - Efficiency Dropped
2026-03-29 04:01:22,AC_UNIT_001,25.92,24.37,23,56.95,1837.52,50.57,310.69,55.22,Warning - Efficiency Dropped
2026-03-29 05:01:22,AC_UNIT_001,27.4,26.74,24,62.25,1555.15,53.31,291.11,55.11,Warning - Efficiency Dropped
2026-03-29 06:01:22,AC_UNIT_001,25.11,24.03,22,52.57,1748.42,49.78,297.1,55.0,Warning - Efficiency Dropped
2026-03-29 07:01:22,AC_UNIT_001,26.58,25.04,24,53.28,1560.63,51.85,326.48,54.88,Warning - Efficiency Dropped
2026-03-29 08:01:22,AC_UNIT_001,26.72,32.14,24,61.87,2053.02,52.52,312.73,54.87,Warning - Efficiency Dropped
2026-03-29 09:01:22,AC_UNIT_001,26.14,28.25,23,62.85,1991.11,54.87,324.97,54.85,Warning - Efficiency Dropped
2026-03-29 10:01:22,AC_UNIT_001,25.2,30.99,22,57.91,2062.1,53.86,326.8,54.76,Warning - Efficiency Dropped
2026-03-29 11:01:22,AC_UNIT_001,24.52,32.73,22,60.83,1985.06,52.53,339.58,54.73,Warning - Efficiency Dropped
2026-03-29 12:01:22,AC_UNIT_001,26.22,28.36,23,58.36,1931.48,49.34,301.63,54.64,Warning - Efficiency Dropped
2026-03-29 13:01:22,AC_UNIT_001,26.24,28.26,23,57.4,1967.25,52.35,305.0,54.61,Warning - Efficiency Dropped
2026-03-29 14:01:22,AC_UNIT_001,24.63,31.57,22,62.67,1914.44,51.53,347.73,54.58,Warning - Efficiency Dropped
2026-03-29 15:01:22,AC_UNIT_001,24.97,31.68,22,61.47,1848.96,48.15,299.5,54.5,Warning - Efficiency Dropped
2026-03-29 16:01:22,AC_UNIT_001,27.18,29.4,24,57.66,1987.15,51.5,329.8,54.39,Warning - Efficiency Dropped
2026-03-29 17:01:22,AC_UNIT_001,27.46,32.98,24,55.86,1804.37,48.35,289.38,54.35,Warning - Efficiency Dropped
2026-03-29 18:01:22,AC_UNIT_001,25.67,33.12,23,57.42,1793.79,47.29,316.91,54.28,Warning - Efficiency Dropped
2026-03-29 19:01:22,AC_UNIT_001,25.22,28.37,22,66.97,1924.07,50.68,336.05,54.19,Warning - Efficiency Dropped
2026-03-29 20:01:22,AC_UNIT_001,26.3,24.67,23,55.7,1743.01,52.16,311.13,54.14,Warning - Efficiency Dropped
2026-03-29 21:01:22,AC_UNIT_001,25.67,24.3,23,61.52,1777.22,52.83,300.86,54.03,Warning - Efficiency Dropped
2026-03-29 22:01:22,AC_UNIT_001,26.33,24.05,23,59.93,1785.84,54.71,323.19,54.02,Warning - Efficiency Dropped
2026-03-29 23:01:22,AC_UNIT_001,27.1,26.48,24,63.98,1754.03,51.71,335.82,53.95,Warning - Efficiency Dropped
2026-03-30 00:01:22,AC_UNIT_001,25.18,24.98,22,61.6,1702.09,53.22,344.04,53.94,Warning - Efficiency Dropped
2026-03-30 01:01:22,AC_UNIT_001,25.52,26.14,22,53.94,1637.78,52.07,335.17,53.89,Warning - Efficiency Dropped
2026-03-30 02:01:22,AC_UNIT_001,25.69,24.03,23,60.37,1599.21,51.52,324.34,53.85,Warning - Efficiency Dropped
2026-03-30 03:01:22,AC_UNIT_001,27.06,25.53,24,61.93,1707.61,52.46,330.81,53.75,Warning - Efficiency Dropped
2026-03-30 04:01:22,AC_UNIT_001,25.52,25.2,22,61.93,1853.41,55.34,296.49,53.65,Warning - Efficiency Dropped
2026-03-30 05:01:22,AC_UNIT_001,25.45,26.02,22,53.73,1603.62,46.94,295.72,53.59,Warning - Efficiency Dropped
2026-03-30 06:01:22,AC_UNIT_001,26.15,24.94,23,64.96,1844.63,51.71,334.16,53.48,Warning - Efficiency Dropped
2026-03-30 07:01:22,AC_UNIT_001,25.94,24.57,23,56.13,1591.67,49.05,307.39,53.41,Warning - Efficiency Dropped
2026-03-30 08:01:22,AC_UNIT_001,26.29,31.36,23,59.23,1853.2,55.92,327.32,53.37,Warning - Efficiency Dropped
2026-03-30 09:01:22,AC_UNIT_001,27.3,29.37,24,60.94,1906.93,49.0,332.72,53.36,Warning - Efficiency Dropped
2026-03-30 10:01:22,AC_UNIT_001,25.85,30.44,23,61.94,1975.92,52.79,349.91,53.24,Warning - Efficiency Dropped
2026-03-30 11:01:22,AC_UNIT_001,25.32,33.28,22,56.47,2076.43,49.65,342.35,53.15,Warning - Efficiency Dropped
2026-03-30 12:01:22,AC_UNIT_001,26.6,29.09,23,66.25,1819.71,46.74,307.03,53.08,Warning - Efficiency Dropped
2026-03-30 13:01:22,AC_UNIT_001,24.73,31.0,22,54.67,1786.02,47.63,351.85,53.04,Warning - Efficiency Dropped
2026-03-30 14:01:22,AC_UNIT_001,27.5,31.02,24,66.14,1815.83,50.78,288.91,53.02,Warning - Efficiency Dropped
2026-03-30 15:01:22,AC_UNIT_001,24.94,32.54,22,65.91,1833.27,48.48,296.06,53.0,Warning - Efficiency Dropped
2026-03-30 16:01:22,AC_UNIT_001,27.61,31.97,24,56.62,2013.41,50.65,339.27,52.94,Warning - Efficiency Dropped
2026-03-30 17:01:22,AC_UNIT_001,26.24,32.27,23,58.74,2153.03,50.76,333.65,52.9,Warning - Efficiency Dropped
2026-03-30 18:01:22,AC_UNIT_001,25.48,30.87,22,58.95,2055.25,47.35,348.31,52.86,Warning - Efficiency Dropped
2026-03-30 19:01:22,AC_UNIT_001,24.9,31.14,22,62.7,1985.75,48.95,339.42,52.84,Warning - Efficiency Dropped
2026-03-30 20:01:22,AC_UNIT_001,26.37,24.22,23,67.38,1849.34,54.8,296.28,52.8,Warning - Efficiency Dropped
2026-03-30 21:01:22,AC_UNIT_001,26.64,25.46,23,61.54,1755.55,51.67,288.69,52.76,Warning - Efficiency Dropped
2026-03-30 22:01:22,AC_UNIT_001,26.01,24.9,23,64.56,1828.76,47.3,329.21,52.75,Warning - Efficiency Dropped
2026-03-30 23:01:22,AC_UNIT_001,26.83,25.19,24,56.21,1707.21,52.64,287.78,52.75,Warning - Efficiency Dropped
2026-03-31 00:01:22,AC_UNIT_001,24.68,24.93,22,57.46,1797.38,53.8,297.98,52.66,Warning - Efficiency Dropped
2026-03-31 01:01:22,AC_UNIT_001,26.8,24.84,24,58.35,1639.26,53.48,351.35,52.64,Warning - Efficiency Dropped
2026-03-31 02:01:22,AC_UNIT_001,27.41,26.59,24,56.63,1821.29,50.79,330.05,52.62,Warning - Efficiency Dropped
2026-03-31 03:01:22,AC_UNIT_001,25.41,26.81,22,61.05,1782.31,47.69,352.06,52.61,Warning - Efficiency Dropped
2026-03-31 04:01:22,AC_UNIT_001,25.13,25.99,22,66.34,1700.1,48.59,347.01,52.54,Warning - Efficiency Dropped
2026-03-31 05:01:22,AC_UNIT_001,24.8,24.41,22,60.81,1811.84,54.9,351.23,52.44,Warning - Efficiency Dropped
2026-03-31 06:01:22,AC_UNIT_001,24.95,24.3,22,62.25,1640.69,54.03,345.66,52.34,Warning - Efficiency Dropped
2026-03-31 07:01:22,AC_UNIT_001,25.82,24.1,23,64.92,1869.05,50.01,331.53,52.31,Warning - Efficiency Dropped
2026-03-31 08:01:22,AC_UNIT_001,26.48,33.89,23,57.02,2188.71,52.08,297.5,52.22,Warning - Efficiency Dropped
2026-03-31 09:01:22,AC_UNIT_001,25.67,30.08,22,58.92,1808.97,48.45,311.27,52.14,Warning - Efficiency Dropped
2026-03-31 10:01:22,AC_UNIT_001,25.57,30.3,22,58.0,2017.22,54.9,323.96,52.09,Warning - Efficiency Dropped
2026-03-31 11:01:22,AC_UNIT_001,25.36,30.36,22,54.79,2197.13,52.85,325.8,52.08,Warning - Efficiency Dropped
2026-03-31 12:01:22,AC_UNIT_001,27.3,28.55,24,60.84,2140.97,47.35,343.48,52.05,Warning - Efficiency Dropped
2026-03-31 13:01:22,AC_UNIT_001,26.45,28.19,23,54.42,1862.2,52.03,319.99,52.04,Warning - Efficiency Dropped
2026-03-31 14:01:22,AC_UNIT_001,25.01,29.29,22,67.26,2041.88,46.17,288.74,51.97,Warning - Efficiency Dropped
2026-03-31 15:01:22,AC_UNIT_001,27.63,29.15,24,60.25,2012.04,48.67,331.47,51.92,Warning - Efficiency Dropped
2026-03-31 16:01:22,AC_UNIT_001,26.75,33.73,24,52.86,2148.13,54.48,335.06,51.92,Warning - Efficiency Dropped
2026-03-31 17:01:22,AC_UNIT_001,24.72,32.39,22,56.48,2032.83,53.69,290.26,51.9,Warning - Efficiency Dropped
2026-03-31 18:01:22,AC_UNIT_001,26.93,31.97,24,59.02,2080.07,46.32,304.01,51.8,Warning - Efficiency Dropped
2026-03-31 19:01:22,AC_UNIT_001,25.71,29.42,22,60.49,1940.06,49.79,347.41,51.77,Warning - Efficiency Dropped
2026-03-31 20:01:22,AC_UNIT_001,26.81,25.13,24,60.74,1864.79,52.24,306.32,51.77,Warning - Efficiency Dropped
2026-03-31 21:01:22,AC_UNIT_001,26.48,24.11,23,66.24,1869.76,54.8,331.43,51.76,Warning - Efficiency Dropped
2026-03-31 22:01:22,AC_UNIT_001,25.73,25.48,23,64.53,1705.32,48.99,341.03,51.69,Warning - Efficiency Dropped
2026-03-31 23:01:22,AC_UNIT_001,26.14,26.34,23,53.01,1680.95,48.86,320.31,51.66,Warning - Efficiency Dropped
2026-04-01 00:01:22,AC_UNIT_001,25.56,26.76,22,58.67,1740.91,55.62,317.58,51.61,Warning - Efficiency Dropped
2026-04-01 01:01:22,AC_UNIT_001,25.38,24.32,22,65.83,1771.71,47.76,327.72,51.49,Warning - Efficiency Dropped
2026-04-01 02:01:22,AC_UNIT_001,24.86,26.4,22,59.45,1791.52,47.24,349.36,51.45,Warning - Efficiency Dropped
2026-04-01 03:01:22,AC_UNIT_001,27.71,26.92,24,59.06,1690.85,48.77,298.28,51.41,Warning - Efficiency Dropped
2026-04-01 04:01:22,AC_UNIT_001,27.04,25.99,24,59.57,1792.41,47.48,353.51,51.39,Warning - Efficiency Dropped
2026-04-01 05:01:22,AC_UNIT_001,26.66,24.62,23,65.75,1647.37,46.23,340.46,51.27,Warning - Efficiency Dropped
2026-04-01 06:01:22,AC_UNIT_001,26.51,24.61,23,56.15,1821.09,45.71,341.81,51.24,Warning - Efficiency Dropped
2026-04-01 07:01:22,AC_UNIT_001,27.37,25.8,24,60.28,1909.53,48.81,291.3,51.14,Warning - Efficiency Dropped
2026-04-01 08:01:22,AC_UNIT_001,26.03,31.24,23,53.8,2177.01,54.85,291.65,51.08,Warning - Efficiency Dropped
2026-04-01 09:01:22,AC_UNIT_001,25.86,32.53,23,59.78,2099.08,51.14,303.67,51.04,Warning - Efficiency Dropped
2026-04-01 10:01:22,AC_UNIT_001,25.63,31.87,22,58.63,1883.53,54.16,300.55,50.94,Warning - Efficiency Dropped
2026-04-01 11:01:22,AC_UNIT_001,27.04,31.11,24,60.29,1871.85,52.86,323.71,50.85,Warning - Efficiency Dropped
2026-04-01 12:01:22,AC_UNIT_001,25.28,28.57,22,56.99,1844.81,50.95,341.45,50.85,Warning - Efficiency Dropped
2026-04-01 13:01:22,AC_UNIT_001,25.15,30.23,22,58.18,2090.08,49.2,296.92,50.74,Warning - Efficiency Dropped
2026-04-01 14:01:22,AC_UNIT_001,26.31,29.56,23,65.48,1930.17,51.45,339.05,50.68,Warning - Efficiency Dropped
2026-04-01 15:01:22,AC_UNIT_001,25.06,31.83,22,54.8,2077.16,49.77,334.21,50.68,Warning - Efficiency Dropped
2026-04-01 16:01:22,AC_UNIT_001,27.67,31.02,24,60.86,2209.31,54.53,294.47,50.56,Warning - Efficiency Dropped
2026-04-01 17:01:22,AC_UNIT_001,25.45,32.82,22,58.66,1853.79,48.98,293.46,50.47,Warning - Efficiency Dropped
2026-04-01 18:01:22,AC_UNIT_001,25.08,31.27,22,63.48,2176.59,54.47,294.16,50.43,Warning - Efficiency Dropped
2026-04-01 19:01:22,AC_UNIT_001,26.52,31.2,23,62.66,1930.41,49.53,310.08,50.32,Warning - Efficiency Dropped
2026-04-01 20:01:22,AC_UNIT_001,26.02,24.96,23,58.74,1679.72,49.16,312.99,50.31,Warning - Efficiency Dropped
2026-04-01 21:01:22,AC_UNIT_001,25.27,25.7,22,56.93,1745.8,49.76,302.26,50.23,Warning - Efficiency Dropped
2026-04-01 22:01:22,AC_UNIT_001,27.54,25.22,24,60.55,1645.19,48.88,307.8,50.16,Warning - Efficiency Dropped
2026-04-01 23:01:22,AC_UNIT_001,25.05,24.69,22,65.92,1807.0,46.67,289.15,50.07,Warning - Efficiency Dropped
2026-04-02 00:01:22,AC_UNIT_001,26.03,26.2,23,54.89,1770.27,52.39,305.33,49.96,Critical Maintenance Required
2026-04-02 01:01:22,AC_UNIT_001,26.68,24.7,23,63.84,1745.75,47.02,302.54,49.89,Critical Maintenance Required
2026-04-02 02:01:22,AC_UNIT_001,27.19,25.75,24,65.51,1801.97,48.92,305.57,49.86,Critical Maintenance Required
2026-04-02 03:01:22,AC_UNIT_001,25.66,25.03,22,57.49,1876.81,46.71,312.41,49.82,Critical Maintenance Required
2026-04-02 04:01:22,AC_UNIT_001,27.47,26.07,24,61.01,1902.85,54.85,306.12,49.81,Critical Maintenance Required
2026-04-02 05:01:22,AC_UNIT_001,27.25,25.79,24,57.99,1771.74,46.93,295.76,49.72,Critical Maintenance Required
2026-04-02 06:01:22,AC_UNIT_001,25.42,24.01,22,53.97,1938.07,48.14,299.74,49.7,Critical Maintenance Required
2026-04-02 07:01:22,AC_UNIT_001,26.65,25.48,23,54.5,1758.98,50.32,293.53,49.58,Critical Maintenance Required
2026-04-02 08:01:22,AC_UNIT_001,26.9,31.47,24,64.99,2127.79,49.85,324.32,49.48,Critical Maintenance Required
2026-04-02 09:01:22,AC_UNIT_001,27.56,29.06,24,64.86,1858.09,45.07,330.3,49.41,Critical Maintenance Required
2026-04-02 10:01:22,AC_UNIT_001,27.29,28.69,24,57.48,2138.05,50.58,310.8,49.41,Critical Maintenance Required
2026-04-02 11:01:22,AC_UNIT_001,25.04,33.34,22,67.92,2013.58,49.25,299.82,49.3,Critical Maintenance Required
2026-04-02 12:01:22,AC_UNIT_001,25.19,30.55,22,66.21,2168.55,48.73,332.38,49.25,Critical Maintenance Required
2026-04-02 13:01:22,AC_UNIT_001,24.89,28.01,22,64.04,2199.21,46.39,320.66,49.18,Critical Maintenance Required
2026-04-02 14:01:22,AC_UNIT_001,24.98,33.12,22,66.8,1855.1,50.96,293.76,49.18,Critical Maintenance Required
2026-04-02 15:01:22,AC_UNIT_001,25.32,32.15,22,60.77,2167.24,51.07,326.75,49.08,Critical Maintenance Required
2026-04-02 16:01:22,AC_UNIT_001,26.69,32.09,23,59.24,2210.73,45.48,317.08,49.05,Critical Maintenance Required
2026-04-02 17:01:22,AC_UNIT_001,26.8,29.69,23,62.0,1918.63,53.42,331.78,49.05,Critical Maintenance Required
2026-04-02 18:01:22,AC_UNIT_001,26.52,32.07,23,64.92,2164.6,45.81,299.94,49.03,Critical Maintenance Required
2026-04-02 19:01:22,AC_UNIT_001,25.37,33.47,22,67.1,2038.21,45.72,309.4,49.01,Critical Maintenance Required
2026-04-02 20:01:22,AC_UNIT_001,25.77,24.6,22,54.34,1925.51,50.06,316.33,48.95,Critical Maintenance Required
2026-04-02 21:01:22,AC_UNIT_001,26.21,24.33,23,66.54,1816.62,51.64,305.43,48.84,Critical Maintenance Required
2026-04-02 22:01:22,AC_UNIT_001,26.8,26.84,23,61.47,1771.9,49.45,291.34,48.79,Critical Maintenance Required
2026-04-02 23:01:22,AC_UNIT_001,25.89,26.0,22,66.53,1941.51,54.14,313.16,48.74,Critical Maintenance Required
2026-04-03 00:01:22,AC_UNIT_001,25.65,24.33,22,61.65,1720.39,46.52,327.24,48.63,Critical Maintenance Required
2026-04-03 01:01:22,AC_UNIT_001,27.31,24.93,24,65.03,1868.06,44.93,313.44,48.59,Critical Maintenance Required
2026-04-03 02:01:22,AC_UNIT_001,27.9,25.35,24,55.22,1860.82,50.89,282.56,48.56,Critical Maintenance Required
2026-04-03 03:01:22,AC_UNIT_001,27.15,26.31,24,66.6,1755.61,50.08,292.68,48.5,Critical Maintenance Required
2026-04-03 04:01:22,AC_UNIT_001,26.9,26.3,23,61.17,1704.17,51.39,320.66,48.48,Critical Maintenance Required
2026-04-03 05:01:22,AC_UNIT_001,25.45,24.22,22,64.23,1790.64,51.15,342.69,48.46,Critical Maintenance Required
2026-04-03 06:01:22,AC_UNIT_001,25.45,25.93,22,65.62,1699.2,44.82,314.25,48.36,Critical Maintenance Required
2026-04-03 07:01:22,AC_UNIT_001,26.68,26.14,23,61.76,1770.29,49.39,341.72,48.32,Critical Maintenance Required
2026-04-03 08:01:22,AC_UNIT_001,25.05,28.46,22,62.63,2191.5,44.44,328.54,48.2,Critical Maintenance Required
2026-04-03 09:01:22,AC_UNIT_001,25.62,30.64,22,56.3,2085.45,53.98,325.03,48.19,Critical Maintenance Required
2026-04-03 10:01:22,AC_UNIT_001,26.12,30.93,23,62.21,2257.02,45.77,317.19,48.09,Critical Maintenance Required
2026-04-03 11:01:22,AC_UNIT_001,25.05,31.89,22,61.18,2039.15,52.7,338.54,48.0,Critical Maintenance Required
2026-04-03 12:01:22,AC_UNIT_001,27.68,32.86,24,60.63,2064.46,48.37,333.99,47.96,Critical Maintenance Required
2026-04-03 13:01:22,AC_UNIT_001,26.92,31.79,23,66.0,1893.95,44.9,327.15,47.96,Critical Maintenance Required
2026-04-03 14:01:22,AC_UNIT_001,26.1,28.39,23,63.18,2079.18,53.63,332.22,47.89,Critical Maintenance Required
2026-04-03 15:01:22,AC_UNIT_001,27.52,30.0,24,57.4,1884.52,45.48,313.53,47.85,Critical Maintenance Required
2026-04-03 16:01:22,AC_UNIT_001,25.27,31.43,22,65.17,2102.4,51.3,334.88,47.81,Critical Maintenance Required
2026-04-03 17:01:22,AC_UNIT_001,27.41,31.19,24,54.01,2176.74,45.05,341.97,47.75,Critical Maintenance Required
2026-04-03 18:01:22,AC_UNIT_001,25.85,32.43,22,62.91,2187.46,47.35,330.37,47.74,Critical Maintenance Required
2026-04-03 19:01:22,AC_UNIT_001,26.36,31.2,23,61.46,2148.59,44.71,303.52,47.62,Critical Maintenance Required
2026-04-03 20:01:22,AC_UNIT_001,27.32,25.96,24,61.12,1862.59,44.72,318.45,47.52,Critical Maintenance Required
2026-04-03 21:01:22,AC_UNIT_001,25.31,24.69,22,68.01,1761.93,46.0,322.18,47.47,Critical Maintenance Required
2026-04-03 22:01:22,AC_UNIT_001,25.31,24.29,22,56.85,1941.49,44.29,324.54,47.4,Critical Maintenance Required
2026-04-03 23:01:22,AC_UNIT_001,26.13,26.45,23,57.17,1910.49,45.04,282.66,47.4,Critical Maintenance Required
2026-04-04 00:01:22,AC_UNIT_001,25.05,24.28,22,59.62,1782.2,47.69,320.18,47.35,Critical Maintenance Required
2026-04-04 01:01:22,AC_UNIT_001,25.3,25.06,22,61.91,1767.14,51.32,304.05,47.31,Critical Maintenance Required
2026-04-04 02:01:22,AC_UNIT_001,26.25,26.39,23,60.17,1720.89,45.47,347.79,47.26,Critical Maintenance Required
2026-04-04 03:01:22,AC_UNIT_001,27.49,24.59,24,54.42,1866.65,49.37,314.52,47.23,Critical Maintenance Required
2026-04-04 04:01:22,AC_UNIT_001,25.71,24.71,22,61.31,1772.41,48.28,281.98,47.21,Critical Maintenance Required
2026-04-04 05:01:22,AC_UNIT_001,26.09,25.41,23,54.24,1965.22,48.31,299.12,47.13,Critical Maintenance Required
2026-04-04 06:01:22,AC_UNIT_001,26.93,24.56,23,67.43,1967.51,44.83,292.55,47.07,Critical Maintenance Required
2026-04-04 07:01:22,AC_UNIT_001,26.32,25.98,23,69.04,1699.86,48.4,313.61,47.02,Critical Maintenance Required
2026-04-04 08:01:22,AC_UNIT_001,25.75,33.97,22,63.59,2211.77,49.71,319.65,46.92,Critical Maintenance Required
2026-04-04 09:01:22,AC_UNIT_001,26.59,28.2,23,60.86,2053.46,51.03,326.47,46.88,Critical Maintenance Required
2026-04-04 10:01:22,AC_UNIT_001,26.68,30.72,23,56.37,2208.71,46.77,317.75,46.82,Critical Maintenance Required
2026-04-04 11:01:22,AC_UNIT_001,27.26,30.82,24,67.81,1965.35,49.2,304.91,46.71,Critical Maintenance Required
2026-04-04 12:01:22,AC_UNIT_001,25.61,32.62,22,63.42,2028.23,51.95,282.14,46.68,Critical Maintenance Required
2026-04-04 13:01:22,AC_UNIT_001,26.31,30.91,23,55.18,2222.02,50.33,298.42,46.62,Critical Maintenance Required
2026-04-04 14:01:22,AC_UNIT_001,26.63,30.42,23,63.19,2113.6,49.58,326.14,46.51,Critical Maintenance Required
2026-04-04 15:01:22,AC_UNIT_001,27.45,28.58,24,57.06,2161.34,50.78,318.83,46.42,Critical Maintenance Required
2026-04-04 16:01:22,AC_UNIT_001,27.88,31.4,24,60.15,2115.34,43.93,323.52,46.32,Critical Maintenance Required
2026-04-04 17:01:22,AC_UNIT_001,25.5,33.08,22,59.3,2265.77,46.54,281.28,46.23,Critical Maintenance Required
2026-04-04 18:01:22,AC_UNIT_001,26.18,32.87,23,59.94,2168.48,44.23,337.17,46.21,Critical Maintenance Required
2026-04-04 19:01:22,AC_UNIT_001,27.15,31.47,24,64.61,2281.16,45.19,284.71,46.17,Critical Maintenance Required
2026-04-04 20:01:22,AC_UNIT_001,27.96,26.99,24,55.68,1946.35,46.57,320.72,46.08,Critical Maintenance Required
2026-04-04 21:01:22,AC_UNIT_001,27.07,25.92,23,64.3,1897.04,45.0,342.45,45.97,Critical Maintenance Required
2026-04-04 22:01:22,AC_UNIT_001,27.53,26.72,24,55.13,1860.06,46.44,323.6,45.93,Critical Maintenance Required
2026-04-04 23:01:22,AC_UNIT_001,26.3,24.23,23,62.9,1913.06,47.52,308.38,45.88,Critical Maintenance Required
2026-04-05 00:01:22,AC_UNIT_001,26.4,25.95,23,64.87,1857.49,52.65,310.79,45.83,Critical Maintenance Required
2026-04-05 01:01:22,AC_UNIT_001,27.09,26.51,23,61.27,1999.68,48.3,292.76,45.76,Critical Maintenance Required
2026-04-05 02:01:22,AC_UNIT_001,27.41,24.69,24,61.4,1787.89,49.85,335.56,45.74,Critical Maintenance Required
2026-04-05 03:01:22,AC_UNIT_001,25.98,25.28,22,66.47,1913.26,47.47,303.1,45.66,Critical Maintenance Required
2026-04-05 04:01:22,AC_UNIT_001,27.18,24.3,24,66.41,1720.25,44.87,288.15,45.61,Critical Maintenance Required
2026-04-05 05:01:22,AC_UNIT_001,25.31,24.82,22,66.69,1892.96,48.02,344.24,45.53,Critical Maintenance Required
2026-04-05 06:01:22,AC_UNIT_001,28.13,26.72,24,69.51,1866.88,52.54,298.47,45.52,Critical Maintenance Required
2026-04-05 07:01:22,AC_UNIT_001,27.72,25.84,24,66.33,1763.85,51.66,301.28,45.45,Critical Maintenance Required
2026-04-05 08:01:22,AC_UNIT_001,26.31,31.04,23,61.89,2308.37,44.8,290.04,45.45,Critical Maintenance Required
2026-04-05 09:01:22,AC_UNIT_001,25.23,32.36,22,56.31,2080.76,47.14,300.48,45.44,Critical Maintenance Required
2026-04-05 10:01:22,AC_UNIT_001,25.2,28.4,22,63.0,2147.08,51.53,288.48,45.33,Critical Maintenance Required
2026-04-05 11:01:22,AC_UNIT_001,25.15,33.18,22,63.87,2207.44,43.36,311.97,45.25,Critical Maintenance Required
2026-04-05 12:01:22,AC_UNIT_001,27.12,32.54,23,60.46,2275.84,51.49,306.5,45.21,Critical Maintenance Required
2026-04-05 13:01:22,AC_UNIT_001,27.91,32.88,24,62.91,2132.83,47.16,298.14,45.16,Critical Maintenance Required
2026-04-05 14:01:22,AC_UNIT_001,27.33,28.15,24,56.16,2258.96,43.16,306.18,45.12,Critical Maintenance Required
2026-04-05 15:01:22,AC_UNIT_001,25.97,29.47,22,68.7,2166.13,43.97,344.81,45.1,Critical Maintenance Required
2026-04-05 16:01:22,AC_UNIT_001,27.22,33.36,24,62.21,2307.43,44.11,332.24,45.01,Critical Maintenance Required
2026-04-05 17:01:22,AC_UNIT_001,28.1,29.96,24,68.75,2226.65,49.38,297.12,44.92,Critical Maintenance Required
2026-04-05 18:01:22,AC_UNIT_001,26.95,30.25,23,62.4,1929.78,50.34,344.13,44.9,Critical Maintenance Required
2026-04-05 19:01:22,AC_UNIT_001,25.67,29.46,22,55.11,2313.99,49.09,316.55,44.86,Critical Maintenance Required
2026-04-05 20:01:22,AC_UNIT_001,27.8,26.66,24,67.0,1971.8,44.63,303.44,44.79,Critical Maintenance Required
2026-04-05 21:01:22,AC_UNIT_001,25.38,26.93,22,58.81,1875.16,45.1,308.02,44.74,Critical Maintenance Required
2026-04-05 22:01:22,AC_UNIT_001,25.51,26.73,22,68.14,1851.66,45.37,325.81,44.71,Critical Maintenance Required
2026-04-05 23:01:22,AC_UNIT_001,27.78,25.48,24,62.68,1828.62,42.96,278.62,44.68,Critical Maintenance Required
2026-04-06 00:01:22,AC_UNIT_001,25.24,26.78,22,57.38,1796.7,51.13,316.46,44.56,Critical Maintenance Required
2026-04-06 01:01:22,AC_UNIT_001,25.61,24.98,22,58.16,1741.96,44.44,289.73,44.54,Critical Maintenance Required
2026-04-06 02:01:22,AC_UNIT_001,26.14,24.25,22,63.13,2004.07,46.98,320.31,44.42,Critical Maintenance Required
2026-04-06 03:01:22,AC_UNIT_001,27.99,25.65,24,55.67,1911.61,43.69,292.44,44.42,Critical Maintenance Required
2026-04-06 04:01:22,AC_UNIT_001,25.45,25.17,22,65.15,1780.35,50.29,277.02,44.38,Critical Maintenance Required
2026-04-06 05:01:22,AC_UNIT_001,26.19,25.13,22,59.17,1838.04,52.14,324.62,44.36,Critical Maintenance Required
2026-04-06 06:01:22,AC_UNIT_001,27.22,26.6,24,69.1,1811.65,49.4,293.18,44.32,Critical Maintenance Required
2026-04-06 07:01:22,AC_UNIT_001,27.97,25.3,24,68.62,1814.55,47.21,316.65,44.28,Critical Maintenance Required
2026-04-06 08:01:22,AC_UNIT_001,26.37,30.47,23,62.79,2288.14,45.87,326.27,44.22,Critical Maintenance Required
2026-04-06 09:01:22,AC_UNIT_001,25.29,29.13,22,68.92,2183.96,49.02,330.22,44.11,Critical Maintenance Required
2026-04-06 10:01:22,AC_UNIT_001,27.46,31.81,24,57.94,1955.53,42.67,318.36,44.03,Critical Maintenance Required
2026-04-06 11:01:22,AC_UNIT_001,27.9,31.66,24,60.51,2174.74,43.86,339.93,43.97,Critical Maintenance Required
2026-04-06 12:01:22,AC_UNIT_001,27.37,28.54,24,69.15,2223.92,49.43,278.23,43.95,Critical Maintenance Required
2026-04-06 13:01:22,AC_UNIT_001,25.8,33.18,22,59.24,2022.86,45.69,322.49,43.83,Critical Maintenance Required
2026-04-06 14:01:22,AC_UNIT_001,26.94,29.32,23,62.22,2205.91,43.94,334.71,43.78,Critical Maintenance Required
2026-04-06 15:01:22,AC_UNIT_001,26.28,28.26,23,60.5,1963.09,44.36,285.94,43.71,Critical Maintenance Required
2026-04-06 16:01:22,AC_UNIT_001,25.27,30.21,22,68.98,1986.34,48.31,297.36,43.68,Critical Maintenance Required
2026-04-06 17:01:22,AC_UNIT_001,26.9,32.66,23,58.57,2239.83,44.03,303.48,43.66,Critical Maintenance Required
2026-04-06 18:01:22,AC_UNIT_001,26.29,28.4,23,59.51,2307.45,46.47,277.89,43.63,Critical Maintenance Required
2026-04-06 19:01:22,AC_UNIT_001,27.92,33.33,24,61.41,2229.7,46.02,332.9,43.53,Critical Maintenance Required
2026-04-06 20:01:22,AC_UNIT_001,26.69,26.83,23,60.66,1748.63,50.25,293.68,43.5,Critical Maintenance Required
2026-04-06 21:01:22,AC_UNIT_001,26.44,26.63,23,65.82,1916.05,44.47,294.16,43.43,Critical Maintenance Required
2026-04-06 22:01:22,AC_UNIT_001,25.81,26.58,22,59.53,1755.36,51.82,304.3,43.42,Critical Maintenance Required
2026-04-06 23:01:22,AC_UNIT_001,26.28,24.37,23,62.18,2019.8,45.37,318.04,43.38,Critical Maintenance Required
2026-04-07 00:01:22,AC_UNIT_001,25.45,25.23,22,69.25,1939.2,51.38,318.61,43.32,Critical Maintenance Required
2026-04-07 01:01:22,AC_UNIT_001,27.23,26.79,23,58.44,1908.81,48.64,312.48,43.28,Critical Maintenance Required
2026-04-07 02:01:22,AC_UNIT_001,25.34,25.9,22,55.26,2031.7,42.47,339.22,43.25,Critical Maintenance Required
2026-04-07 03:01:22,AC_UNIT_001,27.41,25.39,24,61.93,2010.75,47.77,275.15,43.15,Critical Maintenance Required
2026-04-07 04:01:22,AC_UNIT_001,26.25,25.8,22,66.9,1920.65,44.54,328.58,43.08,Critical Maintenance Required
2026-04-07 05:01:22,AC_UNIT_001,25.76,26.97,22,60.87,2007.0,45.01,325.1,42.97,Critical Maintenance Required
2026-04-07 06:01:22,AC_UNIT_001,25.64,24.07,22,57.46,1754.05,45.63,293.78,42.86,Critical Maintenance Required
2026-04-07 07:01:22,AC_UNIT_001,26.17,26.8,22,58.77,1980.01,48.33,321.03,42.76,Critical Maintenance Required
2026-04-07 08:01:22,AC_UNIT_001,28.06,32.01,24,56.19,2330.32,50.34,302.95,42.69,Critical Maintenance Required
2026-04-07 09:01:22,AC_UNIT_001,27.63,29.65,24,63.44,2002.16,49.74,319.96,42.63,Critical Maintenance Required
2026-04-07 10:01:22,AC_UNIT_001,26.74,29.47,23,66.65,2268.45,48.03,286.12,42.54,Critical Maintenance Required
2026-04-07 11:01:22,AC_UNIT_001,25.42,30.77,22,58.89,1972.74,49.24,296.4,42.49,Critical Maintenance Required
2026-04-07 12:01:22,AC_UNIT_001,27.2,33.97,23,69.94,2300.5,45.14,299.33,42.47,Critical Maintenance Required
2026-04-07 13:01:22,AC_UNIT_001,26.19,28.82,22,56.33,2071.04,46.01,307.08,42.44,Critical Maintenance Required
2026-04-07 14:01:22,AC_UNIT_001,26.29,32.01,22,68.89,2175.31,50.18,306.08,42.43,Critical Maintenance Required
2026-04-07 15:01:22,AC_UNIT_001,26.51,33.07,23,55.9,2289.86,45.61,293.29,42.34,Critical Maintenance Required
2026-04-07 16:01:22,AC_UNIT_001,25.83,29.85,22,65.67,2144.87,44.62,316.08,42.24,Critical Maintenance Required
2026-04-07 17:01:22,AC_UNIT_001,28.07,29.15,24,65.0,2078.55,42.29,308.27,42.17,Critical Maintenance Required
2026-04-07 18:01:22,AC_UNIT_001,26.06,33.49,22,69.75,2241.99,47.66,281.19,42.09,Critical Maintenance Required
2026-04-07 19:01:22,AC_UNIT_001,26.14,30.72,22,69.46,2240.97,45.74,303.91,42.01,Critical Maintenance Required
2026-04-07 20:01:22,AC_UNIT_001,26.8,25.45,23,55.67,2011.44,48.77,338.16,42.01,Critical Maintenance Required
2026-04-07 21:01:22,AC_UNIT_001,27.48,25.21,24,64.23,2000.77,47.27,326.72,41.93,Critical Maintenance Required
2026-04-07 22:01:22,AC_UNIT_001,26.29,25.29,22,57.73,1979.62,49.45,298.06,41.86,Critical Maintenance Required
2026-04-07 23:01:22,AC_UNIT_001,27.89,26.16,24,70.13,1890.77,47.66,297.27,41.8,Critical Maintenance Required
2026-04-08 00:01:22,AC_UNIT_001,28.29,24.83,24,57.64,1781.65,44.89,279.94,41.69,Critical Maintenance Required
2026-04-08 01:01:22,AC_UNIT_001,26.13,26.96,22,64.65,1912.47,42.72,277.96,41.64,Critical Maintenance Required
2026-04-08 02:01:22,AC_UNIT_001,26.75,24.46,23,64.46,1816.53,42.8,300.75,41.58,Critical Maintenance Required
2026-04-08 03:01:22,AC_UNIT_001,27.24,24.4,23,55.87,2028.63,44.12,332.78,41.53,Critical Maintenance Required
2026-04-08 04:01:22,AC_UNIT_001,26.89,25.66,23,65.72,1786.66,44.23,306.82,41.43,Critical Maintenance Required
2026-04-08 05:01:22,AC_UNIT_001,28.11,26.6,24,56.52,2070.59,49.47,341.45,41.43,Critical Maintenance Required
2026-04-08 06:01:22,AC_UNIT_001,27.99,26.49,24,64.5,1934.47,49.16,286.71,41.34,Critical Maintenance Required
2026-04-08 07:01:22,AC_UNIT_001,25.61,24.98,22,62.77,1805.87,47.88,336.07,41.34,Critical Maintenance Required
2026-04-08 08:01:22,AC_UNIT_001,27.92,28.16,24,55.83,2077.1,50.19,273.76,41.32,Critical Maintenance Required
2026-04-08 09:01:22,AC_UNIT_001,27.39,33.33,23,57.22,2338.06,41.57,278.73,41.3,Critical Maintenance Required
2026-04-08 10:01:22,AC_UNIT_001,27.82,28.41,24,70.27,2357.99,47.5,282.15,41.29,Critical Maintenance Required
2026-04-08 11:01:22,AC_UNIT_001,27.71,31.39,24,69.87,2151.16,51.35,308.2,41.28,Critical Maintenance Required
2026-04-08 12:01:22,AC_UNIT_001,27.0,31.72,23,58.85,1987.32,47.64,277.08,41.18,Critical Maintenance Required
2026-04-08 13:01:22,AC_UNIT_001,26.36,31.13,22,67.51,2121.34,48.85,296.81,41.11,Critical Maintenance Required
2026-04-08 14:01:22,AC_UNIT_001,27.3,31.29,23,66.03,2298.89,50.57,289.39,41.03,Critical Maintenance Required
2026-04-08 15:01:22,AC_UNIT_001,26.59,31.41,23,69.72,2163.99,44.82,327.98,41.0,Critical Maintenance Required
2026-04-08 16:01:22,AC_UNIT_001,28.26,29.37,24,59.44,2160.29,50.76,306.84,40.99,Critical Maintenance Required
2026-04-08 17:01:22,AC_UNIT_001,26.49,31.14,23,63.46,2125.6,50.89,320.42,40.96,Critical Maintenance Required
2026-04-08 18:01:22,AC_UNIT_001,25.68,33.89,22,60.01,2064.35,44.76,288.62,40.95,Critical Maintenance Required
2026-04-08 19:01:22,AC_UNIT_001,27.44,31.66,24,68.01,2219.74,41.81,298.28,40.88,Critical Maintenance Required
2026-04-08 20:01:22,AC_UNIT_001,27.16,25.19,23,60.51,1831.9,45.05,337.07,40.83,Critical Maintenance Required
2026-04-08 21:01:22,AC_UNIT_001,28.17,26.92,24,63.68,1815.28,41.87,279.62,40.77,Critical Maintenance Required
2026-04-08 22:01:22,AC_UNIT_001,25.66,25.01,22,66.91,1997.5,50.87,292.66,40.66,Critical Maintenance Required
2026-04-08 23:01:22,AC_UNIT_001,27.7,25.41,24,56.9,1947.78,48.71,299.48,40.65,Critical Maintenance Required
2026-04-09 00:01:22,AC_UNIT_001,26.31,24.09,22,64.29,1798.93,50.68,329.94,40.65,Critical Maintenance Required
2026-04-09 01:01:22,AC_UNIT_001,28.13,25.13,24,60.03,1865.12,49.7,323.11,40.63,Critical Maintenance Required
2026-04-09 02:01:22,AC_UNIT_001,28.06,24.28,24,57.92,2085.72,45.07,295.14,40.51,Critical Maintenance Required
2026-04-09 03:01:22,AC_UNIT_001,28.4,25.8,24,57.75,1917.04,49.45,335.27,40.46,Critical Maintenance Required
2026-04-09 04:01:22,AC_UNIT_001,26.98,25.92,23,67.55,1989.57,42.5,277.97,40.36,Critical Maintenance Required
2026-04-09 05:01:22,AC_UNIT_001,28.18,26.05,24,59.82,1968.78,50.59,277.5,40.31,Critical Maintenance Required
2026-04-09 06:01:22,AC_UNIT_001,27.14,26.11,23,66.85,1942.91,44.5,315.49,40.28,Critical Maintenance Required
2026-04-09 07:01:22,AC_UNIT_001,25.64,24.11,22,61.1,1949.29,46.81,305.29,40.21,Critical Maintenance Required
2026-04-09 08:01:22,AC_UNIT_001,26.62,32.41,23,57.56,2209.87,44.95,334.55,40.19,Critical Maintenance Required
2026-04-09 09:01:22,AC_UNIT_001,26.63,33.6,23,60.37,2233.29,50.44,309.69,40.11,Critical Maintenance Required
2026-04-09 10:01:22,AC_UNIT_001,25.84,28.86,22,58.72,2349.67,48.29,273.94,40.05,Critical Maintenance Required
2026-04-09 11:01:22,AC_UNIT_001,28.34,32.57,24,70.19,2130.64,47.1,329.74,40.03,Critical Maintenance Required
2026-04-09 12:01:22,AC_UNIT_001,28.38,29.57,24,70.35,2163.02,42.84,290.91,40.03,Critical Maintenance Required
2026-04-09 13:01:22,AC_UNIT_001,28.27,28.93,24,58.35,2369.58,49.24,315.43,39.92,Critical Maintenance Required
2026-04-09 14:01:22,AC_UNIT_001,27.65,28.08,24,60.27,2300.16,50.4,271.06,39.84,Critical Maintenance Required
2026-04-09 15:01:22,AC_UNIT_001,27.66,28.82,24,64.34,2368.55,49.58,296.18,39.75,Critical Maintenance Required
2026-04-09 16:01:22,AC_UNIT_001,25.95,32.32,22,67.46,2242.55,43.49,307.01,39.74,Critical Maintenance Required
2026-04-09 17:01:22,AC_UNIT_001,27.62,28.56,24,68.7,2015.9,44.82,301.2,39.7,Critical Maintenance Required
2026-04-09 18:01:22,AC_UNIT_001,26.67,29.82,23,67.41,2027.03,50.81,305.43,39.59,Critical Maintenance Required
2026-04-09 19:01:22,AC_UNIT_001,27.58,33.11,24,70.18,2153.05,48.03,280.58,39.52,Critical Maintenance Required
2026-04-09 20:01:22,AC_UNIT_001,26.39,25.13,22,65.04,1909.1,42.84,312.48,39.42,Critical Maintenance Required
2026-04-09 21:01:22,AC_UNIT_001,26.54,26.15,22,68.24,1895.24,49.25,309.88,39.39,Critical Maintenance Required
2026-04-09 22:01:22,AC_UNIT_001,26.17,25.11,22,56.69,1814.14,45.66,304.75,39.34,Critical Maintenance Required
2026-04-09 23:01:22,AC_UNIT_001,27.56,25.47,24,64.15,2090.44,48.65,298.65,39.25,Critical Maintenance Required
2026-04-10 00:01:22,AC_UNIT_001,26.6,25.01,23,57.89,2006.66,42.13,306.98,39.14,Critical Maintenance Required
2026-04-10 01:01:22,AC_UNIT_001,27.47,24.27,23,61.02,2067.26,43.52,308.38,39.12,Critical Maintenance Required
2026-04-10 02:01:22,AC_UNIT_001,27.02,26.1,23,62.94,1938.45,46.31,320.4,39.09,Critical Maintenance Required
2026-04-10 03:01:22,AC_UNIT_001,28.04,25.99,24,58.68,1872.75,43.01,303.32,39.01,Critical Maintenance Required
2026-04-10 04:01:22,AC_UNIT_001,26.44,25.66,22,71.14,2086.08,48.81,300.44,38.93,Critical Maintenance Required
2026-04-10 05:01:22,AC_UNIT_001,27.6,25.04,24,68.89,2106.46,50.28,306.38,38.91,Critical Maintenance Required
2026-04-10 06:01:22,AC_UNIT_001,27.39,25.66,23,58.05,1845.64,47.82,296.22,38.83,Critical Maintenance Required
2026-04-10 07:01:22,AC_UNIT_001,28.39,26.54,24,65.49,1969.5,41.65,315.81,38.82,Critical Maintenance Required
2026-04-10 08:01:22,AC_UNIT_001,26.08,28.73,22,57.68,2318.16,48.92,278.05,38.79,Critical Maintenance Required
2026-04-10 09:01:22,AC_UNIT_001,26.21,32.5,22,57.78,2316.13,40.82,282.53,38.73,Critical Maintenance Required
2026-04-10 10:01:22,AC_UNIT_001,27.47,30.28,23,60.45,2372.76,41.07,286.01,38.72,Critical Maintenance Required
2026-04-10 11:01:22,AC_UNIT_001,28.47,28.2,24,67.55,2119.21,45.96,322.28,38.69,Critical Maintenance Required
2026-04-10 12:01:22,AC_UNIT_001,28.5,29.15,24,61.77,2330.77,48.88,336.94,38.59,Critical Maintenance Required
2026-04-10 13:01:22,AC_UNIT_001,25.69,29.42,22,57.14,2279.96,46.72,301.93,38.53,Critical Maintenance Required
2026-04-10 14:01:22,AC_UNIT_001,25.72,28.77,22,60.84,2304.71,42.51,331.79,38.44,Critical Maintenance Required
2026-04-10 15:01:22,AC_UNIT_001,27.76,31.59,24,64.46,2360.13,48.01,279.37,38.42,Critical Maintenance Required
2026-04-10 16:01:22,AC_UNIT_001,28.42,30.24,24,58.43,2375.5,47.75,311.33,38.42,Critical Maintenance Required
2026-04-10 17:01:22,AC_UNIT_001,27.54,29.0,23,68.5,2220.97,46.37,285.03,38.31,Critical Maintenance Required
2026-04-10 18:01:22,AC_UNIT_001,27.26,32.9,23,62.4,2044.86,45.02,335.31,38.2,Critical Maintenance Required
2026-04-10 19:01:22,AC_UNIT_001,26.14,30.25,22,57.81,2090.4,43.94,311.83,38.14,Critical Maintenance Required
2026-04-10 20:01:22,AC_UNIT_001,28.44,25.79,24,59.04,1848.53,40.72,318.24,38.08,Critical Maintenance Required
2026-04-10 21:01:22,AC_UNIT_001,26.06,26.84,22,70.64,1865.64,48.72,272.18,37.99,Critical Maintenance Required
2026-04-10 22:01:22,AC_UNIT_001,27.17,24.56,23,68.57,1997.09,42.05,292.5,37.93,Critical Maintenance Required
2026-04-10 23:01:22,AC_UNIT_001,28.62,25.68,24,60.6,1983.56,48.51,279.94,37.88,Critical Maintenance Required
2026-04-11 00:01:22,AC_UNIT_001,27.82,26.19,24,71.45,1917.38,49.15,330.73,37.77,Critical Maintenance Required
2026-04-11 01:01:22,AC_UNIT_001,26.48,26.51,22,56.99,1896.6,40.71,289.74,37.7,Critical Maintenance Required
2026-04-11 02:01:22,AC_UNIT_001,28.3,26.85,24,59.74,1953.88,41.0,275.31,37.64,Critical Maintenance Required
2026-04-11 03:01:22,AC_UNIT_001,26.91,24.15,23,60.25,2014.75,47.69,274.77,37.61,Critical Maintenance Required
2026-04-11 04:01:22,AC_UNIT_001,27.87,25.28,24,61.85,2075.11,49.31,273.64,37.5,Critical Maintenance Required
2026-04-11 05:01:22,AC_UNIT_001,27.6,25.72,23,61.09,1992.68,49.12,313.36,37.49,Critical Maintenance Required
2026-04-11 06:01:22,AC_UNIT_001,27.33,24.69,23,67.05,1909.84,41.69,310.17,37.49,Critical Maintenance Required
2026-04-11 07:01:22,AC_UNIT_001,28.4,25.97,24,67.41,1941.43,48.28,316.14,37.42,Critical Maintenance Required
2026-04-11 08:01:22,AC_UNIT_001,27.99,33.05,24,70.91,2413.63,45.54,292.5,37.41,Critical Maintenance Required
2026-04-11 09:01:22,AC_UNIT_001,28.59,31.22,24,61.23,2429.33,43.28,333.14,37.31,Critical Maintenance Required
2026-04-11 10:01:22,AC_UNIT_001,28.04,28.91,24,71.65,2395.25,48.36,284.9,37.27,Critical Maintenance Required
2026-04-11 11:01:22,AC_UNIT_001,26.4,31.25,22,66.59,2353.72,45.1,333.66,37.23,Critical Maintenance Required
2026-04-11 12:01:22,AC_UNIT_001,26.89,32.26,23,59.74,2302.23,44.29,295.26,37.12,Critical Maintenance Required
2026-04-11 13:01:22,AC_UNIT_001,27.13,28.43,23,68.21,2363.08,42.55,279.07,37.08,Critical Maintenance Required
2026-04-11 14:01:22,AC_UNIT_001,27.85,32.95,24,57.96,2218.42,47.16,279.68,37.02,Critical Maintenance Required
2026-04-11 15:01:22,AC_UNIT_001,26.19,28.82,22,66.21,2320.87,47.97,271.41,36.9,Critical Maintenance Required
2026-04-11 16:01:22,AC_UNIT_001,26.71,28.83,23,59.94,2207.59,43.25,300.27,36.89,Critical Maintenance Required
2026-04-11 17:01:22,AC_UNIT_001,27.97,29.28,24,58.66,2333.6,49.05,319.84,36.81,Critical Maintenance Required
2026-04-11 18:01:22,AC_UNIT_001,26.09,33.95,22,59.57,2253.78,40.23,282.31,36.69,Critical Maintenance Required
2026-04-11 19:01:22,AC_UNIT_001,26.41,33.13,22,66.71,2190.6,44.76,278.1,36.61,Critical Maintenance Required
2026-04-11 20:01:22,AC_UNIT_001,28.68,25.25,24,63.3,1929.73,47.33,307.43,36.53,Critical Maintenance Required
2026-04-11 21:01:22,AC_UNIT_001,25.74,26.56,22,70.06,2003.49,47.19,303.46,36.51,Critical Maintenance Required
2026-04-11 22:01:22,AC_UNIT_001,27.57,26.55,23,65.2,2128.76,49.22,329.86,36.5,Critical Maintenance Required
2026-04-11 23:01:22,AC_UNIT_001,27.79,25.48,24,63.32,1970.17,43.36,320.49,36.47,Critical Maintenance Required
2026-04-12 00:01:22,AC_UNIT_001,27.08,26.85,23,61.37,2032.13,44.24,270.09,36.45,Critical Maintenance Required
2026-04-12 01:01:22,AC_UNIT_001,28.67,25.18,24,59.59,2018.93,45.05,266.68,36.44,Critical Maintenance Required
2026-04-12 02:01:22,AC_UNIT_001,26.51,25.88,22,65.38,2040.2,47.73,285.5,36.33,Critical Maintenance Required
2026-04-12 03:01:22,AC_UNIT_001,27.14,26.22,23,60.95,1883.28,41.53,312.61,36.29,Critical Maintenance Required
2026-04-12 04:01:22,AC_UNIT_001,27.99,25.76,24,69.83,2091.74,47.81,331.5,36.28,Critical Maintenance Required
2026-04-12 05:01:22,AC_UNIT_001,27.13,25.19,23,61.84,1897.03,47.78,269.64,36.28,Critical Maintenance Required
2026-04-12 06:01:22,AC_UNIT_001,28.57,24.04,24,59.65,1864.78,44.25,314.43,36.18,Critical Maintenance Required
2026-04-12 07:01:22,AC_UNIT_001,28.3,25.57,24,63.97,2120.48,43.11,276.26,36.16,Critical Maintenance Required
2026-04-12 08:01:22,AC_UNIT_001,25.97,32.35,22,67.79,2235.3,47.37,306.16,36.11,Critical Maintenance Required
2026-04-12 09:01:22,AC_UNIT_001,26.46,29.12,22,59.71,2250.47,46.57,281.22,36.09,Critical Maintenance Required
2026-04-12 10:01:22,AC_UNIT_001,25.8,28.25,22,67.03,2150.97,44.13,326.5,36.05,Critical Maintenance Required
2026-04-12 11:01:22,AC_UNIT_001,26.95,33.47,23,71.5,2148.02,49.1,320.34,36.03,Critical Maintenance Required
2026-04-12 12:01:22,AC_UNIT_001,27.47,31.66,23,67.63,2067.68,45.49,311.61,35.95,Critical Maintenance Required
2026-04-12 13:01:22,AC_UNIT_001,28.51,31.07,24,71.17,2451.38,40.48,279.47,35.93,Critical Maintenance Required
2026-04-12 14:01:22,AC_UNIT_001,26.35,33.48,22,62.22,2228.28,44.14,312.66,35.9,Critical Maintenance Required
2026-04-12 15:01:22,AC_UNIT_001,27.74,32.43,23,68.82,2354.27,46.32,315.16,35.86,Critical Maintenance Required
2026-04-12 16:01:22,AC_UNIT_001,27.06,29.96,23,62.12,2230.56,39.76,324.8,35.76,Critical Maintenance Required
2026-04-12 17:01:22,AC_UNIT_001,28.02,29.81,24,57.5,2295.37,42.69,307.65,35.73,Critical Maintenance Required
2026-04-12 18:01:22,AC_UNIT_001,27.53,33.57,23,60.85,2313.68,43.66,313.89,35.73,Critical Maintenance Required
2026-04-12 19:01:22,AC_UNIT_001,26.16,28.64,22,64.54,2437.96,41.74,326.69,35.65,Critical Maintenance Required
2026-04-12 20:01:22,AC_UNIT_001,25.98,26.19,22,58.69,1926.61,48.38,277.12,35.62,Critical Maintenance Required
2026-04-12 21:01:22,AC_UNIT_001,26.33,26.96,22,71.95,2001.01,48.23,300.64,35.54,Critical Maintenance Required
2026-04-12 22:01:22,AC_UNIT_001,27.13,25.54,23,62.69,1878.66,40.6,332.73,35.53,Critical Maintenance Required
2026-04-12 23:01:22,AC_UNIT_001,26.88,25.58,23,57.55,2064.63,44.57,307.56,35.5,Critical Maintenance Required
2026-04-13 00:01:22,AC_UNIT_001,27.13,26.49,23,67.67,2025.94,46.81,302.69,35.49,Critical Maintenance Required
2026-04-13 01:01:22,AC_UNIT_001,28.18,25.86,24,68.55,1978.44,41.42,307.03,35.45,Critical Maintenance Required
2026-04-13 02:01:22,AC_UNIT_001,27.97,25.46,24,59.73,2055.02,40.66,309.57,35.41,Critical Maintenance Required
2026-04-13 03:01:22,AC_UNIT_001,28.11,25.62,24,72.08,2047.9,39.54,281.3,35.33,Critical Maintenance Required
2026-04-13 04:01:22,AC_UNIT_001,27.37,26.55,23,67.46,2141.38,47.13,323.18,35.31,Critical Maintenance Required
2026-04-13 05:01:22,AC_UNIT_001,28.32,25.77,24,63.58,2118.72,39.59,268.93,35.21,Critical Maintenance Required
2026-04-13 06:01:22,AC_UNIT_001,28.03,26.43,24,70.42,2033.66,41.53,273.93,35.19,Critical Maintenance Required
2026-04-13 07:01:22,AC_UNIT_001,26.39,25.41,22,66.32,2093.78,45.83,278.68,35.12,Critical Maintenance Required
2026-04-13 08:01:22,AC_UNIT_001,26.34,28.68,22,60.93,2101.19,46.99,321.96,35.05,Critical Maintenance Required
2026-04-13 09:01:22,AC_UNIT_001,26.73,28.61,22,59.1,2201.59,41.27,299.53,35.0,Critical Maintenance Required
2026-04-13 10:01:22,AC_UNIT_001,27.65,33.4,23,65.41,2300.9,45.34,277.6,34.94,Critical Maintenance Required
2026-04-13 11:01:22,AC_UNIT_001,27.84,32.82,24,65.1,2389.77,44.61,321.77,34.91,Critical Maintenance Required
2026-04-13 12:01:22,AC_UNIT_001,27.92,29.24,24,62.85,2121.15,42.02,322.36,34.88,Critical Maintenance Required
2026-04-13 13:01:22,AC_UNIT_001,28.66,31.68,24,68.51,2350.64,43.31,326.65,34.86,Critical Maintenance Required
2026-04-13 14:01:22,AC_UNIT_001,26.33,30.8,22,71.73,2146.69,40.58,299.63,34.76,Critical Maintenance Required
2026-04-13 15:01:22,AC_UNIT_001,27.24,30.38,23,70.26,2353.73,38.96,269.27,34.7,Critical Maintenance Required
2026-04-13 16:01:22,AC_UNIT_001,27.58,29.19,23,59.02,2311.23,43.11,321.57,34.65,Critical Maintenance Required
2026-04-13 17:01:22,AC_UNIT_001,28.59,29.46,24,57.89,2386.24,42.13,288.74,34.56,Critical Maintenance Required
2026-04-13 18:01:22,AC_UNIT_001,28.42,32.38,24,58.3,2348.56,43.67,326.29,34.51,Critical Maintenance Required
2026-04-13 19:01:22,AC_UNIT_001,25.88,33.62,22,66.83,2385.07,43.35,313.8,34.4,Critical Maintenance Required
2026-04-13 20:01:22,AC_UNIT_001,27.82,24.28,23,66.51,2002.38,46.54,279.16,34.28,Critical Maintenance Required
2026-04-13 21:01:22,AC_UNIT_001,27.95,24.68,24,69.15,1998.1,42.74,325.64,34.24,Critical Maintenance Required
2026-04-13 22:01:22,AC_UNIT_001,28.04,25.93,24,71.8,2132.55,41.65,325.3,34.21,Critical Maintenance Required
2026-04-13 23:01:22,AC_UNIT_001,27.84,24.46,23,72.25,2096.65,44.41,288.5,34.12,Critical Maintenance Required
2026-04-14 00:01:22,AC_UNIT_001,28.73,26.36,24,69.36,2118.28,47.63,262.22,34.07,Critical Maintenance Required
2026-04-14 01:01:22,AC_UNIT_001,27.81,26.13,23,66.09,2161.53,42.25,284.63,34.01,Critical Maintenance Required
2026-04-14 02:01:22,AC_UNIT_001,26.18,24.16,22,60.34,1941.2,42.17,313.09,33.95,Critical Maintenance Required
2026-04-14 03:01:22,AC_UNIT_001,28.68,25.69,24,62.97,1991.3,41.42,286.64,33.89,Critical Maintenance Required
2026-04-14 04:01:22,AC_UNIT_001,28.52,24.52,24,69.41,2097.36,39.53,312.78,33.8,Critical Maintenance Required
2026-04-14 05:01:22,AC_UNIT_001,28.78,24.84,24,60.71,2112.9,43.63,320.22,33.76,Critical Maintenance Required
2026-04-14 06:01:22,AC_UNIT_001,26.31,25.75,22,64.83,1909.17,44.46,278.12,33.71,Critical Maintenance Required
2026-04-14 07:01:22,AC_UNIT_001,26.43,26.84,22,61.36,2090.2,45.34,313.38,33.64,Critical Maintenance Required
2026-04-14 08:01:22,AC_UNIT_001,28.36,29.58,24,60.24,2464.54,42.12,297.62,33.59,Critical Maintenance Required
2026-04-14 09:01:22,AC_UNIT_001,26.85,28.32,22,70.78,2496.77,42.89,264.19,33.5,Critical Maintenance Required
2026-04-14 10:01:22,AC_UNIT_001,28.02,30.22,24,66.45,2169.23,41.57,317.7,33.49,Critical Maintenance Required
2026-04-14 11:01:22,AC_UNIT_001,27.78,29.26,23,61.91,2245.63,45.28,321.32,33.47,Critical Maintenance Required
2026-04-14 12:01:22,AC_UNIT_001,28.42,31.74,24,61.14,2491.43,39.24,269.45,33.39,Critical Maintenance Required
2026-04-14 13:01:22,AC_UNIT_001,27.27,28.45,23,71.71,2211.28,40.08,284.96,33.38,Critical Maintenance Required
2026-04-14 14:01:22,AC_UNIT_001,26.78,29.16,22,59.77,2481.7,43.14,271.7,33.31,Critical Maintenance Required
2026-04-14 15:01:22,AC_UNIT_001,28.58,33.16,24,61.21,2148.59,41.62,310.5,33.25,Critical Maintenance Required
2026-04-14 16:01:22,AC_UNIT_001,26.23,28.89,22,60.6,2427.77,42.23,277.12,33.19,Critical Maintenance Required
2026-04-14 17:01:22,AC_UNIT_001,28.65,31.42,24,70.08,2469.2,44.09,289.61,33.16,Critical Maintenance Required
2026-04-14 18:01:22,AC_UNIT_001,26.73,33.99,22,58.13,2349.41,47.68,274.6,33.08,Critical Maintenance Required
2026-04-14 19:01:22,AC_UNIT_001,26.62,32.31,22,70.87,2182.41,38.67,300.51,32.96,Critical Maintenance Required
2026-04-14 20:01:22,AC_UNIT_001,28.33,25.83,24,64.92,1970.11,47.48,325.7,32.92,Critical Maintenance Required
2026-04-14 21:01:22,AC_UNIT_001,26.35,26.58,22,63.08,2169.02,46.17,275.64,32.92,Critical Maintenance Required
2026-04-14 22:01:22,AC_UNIT_001,26.64,26.8,22,65.8,2106.14,39.72,324.75,32.86,Critical Maintenance Required
2026-04-14 23:01:22,AC_UNIT_001,25.99,25.23,22,61.43,2002.89,47.19,314.53,32.83,Critical Maintenance Required
2026-04-15 00:01:22,AC_UNIT_001,26.52,24.15,22,70.29,2178.02,42.85,290.33,32.82,Critical Maintenance Required
2026-04-15 01:01:22,AC_UNIT_001,27.31,26.13,23,72.71,2168.74,41.19,312.94,32.76,Critical Maintenance Required
2026-04-15 02:01:22,AC_UNIT_001,28.6,26.87,24,64.43,1990.48,39.46,270.22,32.66,Critical Maintenance Required
2026-04-15 03:01:22,AC_UNIT_001,26.16,24.23,22,65.74,1978.38,46.87,314.91,32.66,Critical Maintenance Required
2026-04-15 04:01:22,AC_UNIT_001,28.96,24.9,24,63.78,1980.43,38.84,302.55,32.56,Critical Maintenance Required
2026-04-15 05:01:22,AC_UNIT_001,26.24,24.4,22,63.87,2129.87,39.58,266.79,32.48,Critical Maintenance Required
2026-04-15 06:01:22,AC_UNIT_001,26.97,24.58,22,66.86,1977.02,41.61,264.05,32.37,Critical Maintenance Required
2026-04-15 07:01:22,AC_UNIT_001,28.05,26.23,24,68.93,2152.12,45.4,276.96,32.28,Critical Maintenance Required
2026-04-15 08:01:22,AC_UNIT_001,26.33,31.56,22,64.87,2461.8,41.56,306.52,32.2,Critical Maintenance Required
2026-04-15 09:01:22,AC_UNIT_001,27.85,31.91,23,66.42,2383.18,44.71,263.42,32.08,Critical Maintenance Required
2026-04-15 10:01:22,AC_UNIT_001,28.15,29.33,24,65.35,2161.59,47.7,322.81,31.97,Critical Maintenance Required
2026-04-15 11:01:22,AC_UNIT_001,26.57,33.69,22,68.23,2338.1,40.25,278.29,31.94,Critical Maintenance Required
2026-04-15 12:01:22,AC_UNIT_001,26.86,32.38,22,72.07,2315.09,42.71,296.02,31.84,Critical Maintenance Required
2026-04-15 13:01:22,AC_UNIT_001,26.45,31.93,22,58.34,2274.86,45.33,319.59,31.74,Critical Maintenance Required
2026-04-15 14:01:22,AC_UNIT_001,28.64,30.32,24,70.86,2304.57,40.5,272.27,31.73,Critical Maintenance Required
2026-04-15 15:01:22,AC_UNIT_001,27.85,30.9,23,66.67,2477.76,46.16,264.94,31.69,Critical Maintenance Required
2026-04-15 16:01:22,AC_UNIT_001,28.99,32.79,24,58.81,2377.03,45.96,327.91,31.61,Critical Maintenance Required
2026-04-15 17:01:22,AC_UNIT_001,27.4,33.07,23,64.19,2268.44,41.49,275.29,31.55,Critical Maintenance Required
2026-04-15 18:01:22,AC_UNIT_001,27.12,30.68,23,66.02,2256.78,37.89,289.64,31.5,Critical Maintenance Required
2026-04-15 19:01:22,AC_UNIT_001,28.84,29.97,24,71.53,2475.83,41.89,313.05,31.47,Critical Maintenance Required
2026-04-15 20:01:22,AC_UNIT_001,27.51,24.63,23,67.06,2081.35,41.51,279.23,31.42,Critical Maintenance Required
2026-04-15 21:01:22,AC_UNIT_001,28.22,26.16,24,73.03,2219.39,41.12,274.28,31.4,Critical Maintenance Required
2026-04-15 22:01:22,AC_UNIT_001,28.18,24.22,24,61.64,2204.27,41.84,271.0,31.35,Critical Maintenance Required
2026-04-15 23:01:22,AC_UNIT_001,26.1,24.9,22,61.59,2132.47,44.92,311.81,31.33,Critical Maintenance Required
2026-04-16 00:01:22,AC_UNIT_001,26.91,26.56,22,61.2,2051.32,44.53,280.53,31.26,Critical Maintenance Required
2026-04-16 01:01:22,AC_UNIT_001,28.05,26.81,23,73.07,2157.68,41.07,278.14,31.18,Critical Maintenance Required
2026-04-16 02:01:22,AC_UNIT_001,27.8,26.26,23,72.63,2197.17,42.23,315.44,31.14,Critical Maintenance Required
2026-04-16 03:01:22,AC_UNIT_001,26.83,26.01,22,70.21,2238.11,39.1,279.48,31.13,Critical Maintenance Required
2026-04-16 04:01:22,AC_UNIT_001,26.46,26.54,22,58.87,2105.47,39.57,317.48,31.07,Critical Maintenance Required
2026-04-16 05:01:22,AC_UNIT_001,26.57,26.99,22,60.92,2064.55,39.84,326.63,30.99,Critical Maintenance Required
2026-04-16 06:01:22,AC_UNIT_001,28.34,25.89,24,60.92,2125.74,44.85,289.24,30.94,Critical Maintenance Required
2026-04-16 07:01:22,AC_UNIT_001,28.73,26.7,24,71.57,2064.42,39.0,273.2,30.86,Critical Maintenance Required
2026-04-16 08:01:22,AC_UNIT_001,27.32,31.93,23,72.41,2292.19,45.89,275.96,30.82,Critical Maintenance Required
2026-04-16 09:01:22,AC_UNIT_001,28.6,30.81,24,67.42,2354.03,38.12,280.34,30.8,Critical Maintenance Required
2026-04-16 10:01:22,AC_UNIT_001,26.96,33.43,22,62.39,2423.27,44.59,288.89,30.69,Critical Maintenance Required
2026-04-16 11:01:22,AC_UNIT_001,28.02,33.91,23,64.99,2433.93,42.13,298.77,30.58,Critical Maintenance Required
2026-04-16 12:01:22,AC_UNIT_001,28.64,33.23,24,70.42,2293.12,44.33,288.31,30.57,Critical Maintenance Required
2026-04-16 13:01:22,AC_UNIT_001,28.38,32.33,24,64.6,2234.41,37.4,274.01,30.52,Critical Maintenance Required
2026-04-16 14:01:22,AC_UNIT_001,27.08,30.74,22,66.21,2159.22,40.02,266.75,30.47,Critical Maintenance Required
2026-04-16 15:01:22,AC_UNIT_001,27.43,31.09,23,69.88,2501.86,42.34,285.29,30.46,Critical Maintenance Required
2026-04-16 16:01:22,AC_UNIT_001,28.18,30.48,24,61.18,2425.45,45.11,258.79,30.36,Critical Maintenance Required
2026-04-16 17:01:22,AC_UNIT_001,26.47,31.44,22,67.7,2517.2,45.05,279.65,30.25,Critical Maintenance Required
2026-04-16 18:01:22,AC_UNIT_001,27.37,31.86,23,66.81,2415.5,43.79,321.09,30.2,Critical Maintenance Required
2026-04-16 19:01:22,AC_UNIT_001,28.72,29.72,24,60.66,2543.53,46.46,282.63,30.12,Critical Maintenance Required
2026-04-16 20:01:22,AC_UNIT_001,28.25,24.76,24,67.45,2222.22,46.77,262.83,30.04,Critical Maintenance Required
2026-04-16 21:01:22,AC_UNIT_001,28.85,24.51,24,72.28,2119.04,46.45,315.55,30.03,Critical Maintenance Required
